,Cell_type,Cell
CCAACCGTATATACCT-0-5607,ABS,CCAACCGTATATACCT-0-5607
AATGGATTAAAACCTCC-0-5607,ABS,AATGGATTAAAACCTCC-0-5607
TGAAGGAGCTTACCACGCT-0-5607,ABS,TGAAGGAGCTTACCACGCT-0-5607
TGATTCGCTGGATACCCAG-0-5607,SSC,TGATTCGCTGGATACCCAG-0-5607
TGATCGACGGTTTGGACTT-0-5607,ABS,TGATCGACGGTTTGGACTT-0-5607
TGAAACCCTTGACGCCATT-0-5607,ABS,TGAAACCCTTGACGCCATT-0-5607
GATGTAAAGGATATAGGA-0-5607,ABS,GATGTAAAGGATATAGGA-0-5607
ACAACGTGGACGCAGAG-0-5607,ABS,ACAACGTGGACGCAGAG-0-5607
TTTGTGTCACGGTAGC-0-5607,ABS,TTTGTGTCACGGTAGC-0-5607
GAATTCCTTGATTCAGTA-0-5607,ABS,GAATTCCTTGATTCAGTA-0-5607
GAGATCTCGGCGTGGATA-0-5607,ABS,GAGATCTCGGCGTGGATA-0-5607
AAAAGCCTAATCAAGTG-0-5607,ABS,AAAAGCCTAATCAAGTG-0-5607
GATGACGGACATTCGACG-0-5607,ABS,GATGACGGACATTCGACG-0-5607
TACCGGCACTTAGGTA-0-5607,TAC,TACCGGCACTTAGGTA-0-5607
AAATGAATGCTGAGTGC-0-5607,ABS,AAATGAATGCTGAGTGC-0-5607
AGAAGTCCCAATTAGT-0-5607,ABS,AGAAGTCCCAATTAGT-0-5607
TCATATGGATGGAAAT-0-5607,TAC,TCATATGGATGGAAAT-0-5607
AAAACGCCTACACTAAG-0-5607,ABS,AAAACGCCTACACTAAG-0-5607
GAATCAAGTGATTCAGTA-0-5607,ABS,GAATCAAGTGATTCAGTA-0-5607
AATCCCACGATTTCCGG-0-5607,ABS,AATCCCACGATTTCCGG-0-5607
TGATCGTCATGCGGCACAT-0-5607,ABS,TGATCGTCATGCGGCACAT-0-5607
GACCTATTCATGTCTTTC-0-5607,STM,GACCTATTCATGTCTTTC-0-5607
TGATGTCTTTCACTCACCG-0-5607,TAC,TGATGTCTTTCACTCACCG-0-5607
ATTGATTCTAAATGTCG-0-5607,ABS,ATTGATTCTAAATGTCG-0-5607
TGACAAGTCATAGGTTGTG-0-5607,TAC,TGACAAGTCATAGGTTGTG-0-5607
ACACTCCTCAAGCGTAC-0-5607,ABS,ACACTCCTCAAGCGTAC-0-5607
GACTCTTGACATTCCTTG-0-5607,ABS,GACTCTTGACATTCCTTG-0-5607
ACTAGATTGATCTTTGT-0-5607,ABS,ACTAGATTGATCTTTGT-0-5607
AGGTTAGTGAGCGCGAT-0-5607,ABS,AGGTTAGTGAGCGCGAT-0-5607
GATAAGACGGATGAAGCA-0-5607,ABS,GATAAGACGGATGAAGCA-0-5607
GAGGGAGGTACTGTTCTT-0-5607,ABS,GAGGGAGGTACTGTTCTT-0-5607
GAGAGAATTGATACCCAG-0-5607,ABS,GAGAGAATTGATACCCAG-0-5607
TGACTCAGAATCGCCTTGA-0-5607,TAC,TGACTCAGAATCGCCTTGA-0-5607
GATCGGTTTAAACCTGAC-0-5607,ABS,GATCGGTTTAAACCTGAC-0-5607
TGAAAACAGGGAGCGCCTT-0-5607,ABS,TGAAAACAGGGAGCGCCTT-0-5607
ACAACGTGGAGTTTAGA-0-5607,TAC,ACAACGTGGAGTTTAGA-0-5607
GAGTTAACCAAGCGCGAT-0-5607,ABS,GAGTTAACCAAGCGCGAT-0-5607
AAGTGAAAGATACCCAG-0-5607,ABS,AAGTGAAAGATACCCAG-0-5607
TACTTGTGAAACCTCC-0-5607,ABS,TACTTGTGAAACCTCC-0-5607
TGAGAAGCACTAACAATCC-0-5607,ABS,TGAGAAGCACTAACAATCC-0-5607
TGAGGTCTGACAAGATTGT-0-5607,ABS,TGAGGTCTGACAAGATTGT-0-5607
GAGGTCCCTTACAGCGGA-0-5607,TAC,GAGGTCCCTTACAGCGGA-0-5607
TGATCCCGTAGAGGCAACG-0-5607,TAC,TGATCCCGTAGAGGCAACG-0-5607
TGATCGACGGTTTATCTGT-0-5607,ABS,TGATCGACGGTTTATCTGT-0-5607
AAAACGCCTATGTTGGC-0-5607,ASC,AAAACGCCTATGTTGGC-0-5607
ATTGGATCGAATGACCC-0-5607,ABS,ATTGGATCGAATGACCC-0-5607
GAGTTGTCATAGTTTAGA-0-5607,ABS,GAGTTGTCATAGTTTAGA-0-5607
TGAGTCGTCGTAGTGAAAG-0-5607,ABS,TGAGTCGTCGTAGTGAAAG-0-5607
CTATAGAGAGAGGTGG-0-5607,ABS,CTATAGAGAGAGGTGG-0-5607
GTACCTTGAAACAGGG-0-5607,SSC,GTACCTTGAAACAGGG-0-5607
AGCTTTCCAAGGAAGAC-0-5607,ABS,AGCTTTCCAAGGAAGAC-0-5607
AGCACCACACACTAAG-0-5607,ABS,AGCACCACACACTAAG-0-5607
CCAACCGTACAGCGGA-0-5607,ABS,CCAACCGTACAGCGGA-0-5607
TGACATACATTAGCAGAAC-0-5607,ABS,TGACATACATTAGCAGAAC-0-5607
GATGAAATGACGTCAGCA-0-5607,ABS,GATGAAATGACGTCAGCA-0-5607
AGTATGAGTCGGGCTTT-0-5607,ABS,AGTATGAGTCGGGCTTT-0-5607
AATGGATTAATCCGCTA-0-5607,ABS,AATGGATTAATCCGCTA-0-5607
TGAAGCGCGATAGGATTCA-0-5607,ABS,TGAAGCGCGATAGGATTCA-0-5607
GGTGGGATAAATCAGA-0-5607,ABS,GGTGGGATAAATCAGA-0-5607
GACAAGAGGGATGCGGAT-0-5607,ABS,GACAAGAGGGATGCGGAT-0-5607
TTCCGCTCAGGAGCTT-0-5607,TAC,TTCCGCTCAGGAGCTT-0-5607
AAATGAATGATATAGGA-0-5607,ABS,AAATGAATGATATAGGA-0-5607
TGACTCGATGCAGCAGAAC-0-5607,ABS,TGACTCGATGCAGCAGAAC-0-5607
AGTTTACGTGACAAAGG-0-5607,TAC,AGTTTACGTGACAAAGG-0-5607
TGACCTCGTCTTCTCAACC-0-5607,ABS,TGACCTCGTCTTCTCAACC-0-5607
TGAAAACAGGGAAAGCCTA-0-5607,ABS,TGAAAACAGGGAAAGCCTA-0-5607
TTGCATATATTCCTTG-0-5607,ABS,TTGCATATATTCCTTG-0-5607
GATGACCCTCACTAGCCA-0-5607,SSC,GATGACCCTCACTAGCCA-0-5607
GATACAAACTATGAAGCA-0-5607,ABS,GATACAAACTATGAAGCA-0-5607
TGACCTGTTATACTGAGTT-0-5607,ABS,TGACCTGTTATACTGAGTT-0-5607
TGAGCAAGGACTTCACATA-0-5607,ABS,TGAGCAAGGACTTCACATA-0-5607
TGAAAACAGGGCATCGCAG-0-5607,ABS,TGAAAACAGGGCATCGCAG-0-5607
TCCAGGGAAAGATTGT-0-5607,ABS,TCCAGGGAAAGATTGT-0-5607
TGATTCACATAATGGAAAT-0-5607,ABS,TGATTCACATAATGGAAAT-0-5607
GGAGAAGCAAACCTCC-0-5607,ABS,GGAGAAGCAAACCTCC-0-5607
GAGCGTTGCTACTCACCG-0-5607,ABS,GAGCGTTGCTACTCACCG-0-5607
TGATTGTTTACATGTTGGC-0-5607,ABS,TGATTGTTTACATGTTGGC-0-5607
AAAACGCCTATATACCT-0-5607,GOB,AAAACGCCTATATACCT-0-5607
TGAGTTCTGTTAGCGCCTT-0-5607,ABS,TGAGTTCTGTTAGCGCCTT-0-5607
ATCTTTGTATATGCAT-0-5607,ABS,ATCTTTGTATATGCAT-0-5607
AAAATCGTTCTGGTGCA-0-5607,ABS,AAAATCGTTCTGGTGCA-0-5607
AATGTTGGCACTGAGTT-0-5607,ABS,AATGTTGGCACTGAGTT-0-5607
ATGCTCCGTATTCCTTG-0-5607,ABS,ATGCTCCGTATTCCTTG-0-5607
AATTCAGTATGACGGAC-0-5607,ABS,AATTCAGTATGACGGAC-0-5607
TGATCGACACCAGGAGCTT-0-5607,TAC,TGATCGACACCAGGAGCTT-0-5607
TGCAAGGGACGCTCAG-0-5607,ABS,TGCAAGGGACGCTCAG-0-5607
TGAGTGGAGCTAAACTCGA-0-5607,ABS,TGAGTGGAGCTAAACTCGA-0-5607
GAGAATTCGTAATGACCC-0-5607,ABS,GAGAATTCGTAATGACCC-0-5607
TGAATGACCGAGACAAAGG-0-5607,ABS,TGAATGACCGAGACAAAGG-0-5607
TGAAAATGTCGGGTGACAC-0-5607,ABS,TGAAAATGTCGGGTGACAC-0-5607
AGGGAAGGTACCACGCT-0-5607,ABS,AGGGAAGGTACCACGCT-0-5607
ATCTTTGTAGAAGTCC-0-5607,ABS,ATCTTTGTAGAAGTCC-0-5607
GAGAGAGTATACGAAACG-0-5607,ABS,GAGAGAGTATACGAAACG-0-5607
AAATGAATGAGAAGTTA-0-5607,ABS,AAATGAATGAGAAGTTA-0-5607
AAGCGCCTTCTTACTCC-0-5607,ABS,AAGCGCCTTCTTACTCC-0-5607
GAAGTTTAGAAGATGGCT-0-5607,ABS,GAAGTTTAGAAGATGGCT-0-5607
TCCAGGGAAAATCGTT-0-5607,ABS,TCCAGGGAAAATCGTT-0-5607
ATTGATTCTATTCGACG-0-5607,ABS,ATTGATTCTATTCGACG-0-5607
GAGTCCAAAGAACCTGAC-0-5607,ABS,GAGTCCAAAGAACCTGAC-0-5607
AAGTGAAAGGTACACTC-0-5607,TAC,AAGTGAAAGGTACACTC-0-5607
ACGGACAACTCTGCATC-0-5607,ABS,ACGGACAACTCTGCATC-0-5607
GACAAGAGGGACGAAACG-0-5607,ABS,GACAAGAGGGACGAAACG-0-5607
AAGCTATGAAACACACG-0-5607,ABS,AAGCTATGAAACACACG-0-5607
TCGAAGCTATGCATGG-0-5607,ABS,TCGAAGCTATGCATGG-0-5607
AACCCATATCTACGAGC-0-5607,ABS,AACCCATATCTACGAGC-0-5607
AAAATCGTTCTCCGCAT-0-5607,ABS,AAAATCGTTCTCCGCAT-0-5607
TGATCACCGAGTCTCAACC-0-5607,ABS,TGATCACCGAGTCTCAACC-0-5607
ATTTCCGGCAATTAGT-0-5607,ABS,ATTTCCGGCAATTAGT-0-5607
AGTCAAAGAGTTGCACG-0-5607,ABS,AGTCAAAGAGTTGCACG-0-5607
CCAACCGTAGTTTAGA-0-5607,ABS,CCAACCGTAGTTTAGA-0-5607
GATTAAACTGAGAAGTCC-0-5607,ABS,GATTAAACTGAGAAGTCC-0-5607
AGAAGTCCAGGCAGTT-0-5607,ABS,AGAAGTCCAGGCAGTT-0-5607
GAATGGAAATATATGCAT-0-5607,ABS,GAATGGAAATATATGCAT-0-5607
TGACTCGCGTAAATGACCC-0-5607,ABS,TGACTCGCGTAAATGACCC-0-5607
CTTACGGGAAACCTCC-0-5607,ABS,CTTACGGGAAACCTCC-0-5607
GAGAGAATTGACACTAAG-0-5607,ABS,GAGAGAATTGACACTAAG-0-5607
CATCGCAGACCCACGA-0-5607,ABS,CATCGCAGACCCACGA-0-5607
TGAAACACACGACAGCGGA-0-5607,ABS,TGAAACACACGACAGCGGA-0-5607
TGCAAGGGAATTCCCA-0-5607,ABS,TGCAAGGGAATTCCCA-0-5607
GAGTCCAAAGCTAGATTG-0-5607,ABS,GAGTCCAAAGCTAGATTG-0-5607
TGAATACCCAGGCTTTGGC-0-5607,ABS,TGAATACCCAGGCTTTGGC-0-5607
TGACAGACCATGTCATATT-0-5607,STM,TGACAGACCATGTCATATT-0-5607
TGAGGCGGTTTATCCCACG-0-5607,SSC,TGAGGCGGTTTATCCCACG-0-5607
TGAGCAAGGACCTATAGAG-0-5607,ABS,TGAGCAAGGACCTATAGAG-0-5607
CGGCACATATATACCT-0-5607,ABS,CGGCACATATATACCT-0-5607
GAACTGCCGTAATTCCCA-0-5607,ABS,GAACTGCCGTAATTCCCA-0-5607
GATGGGATTCTCCCAATC-0-5607,ABS,GATGGGATTCTCCCAATC-0-5607
AACTGAGTTAGGTTGTG-0-5607,ABS,AACTGAGTTAGGTTGTG-0-5607
AGCAACCTGATACCCAG-0-5607,ABS,AGCAACCTGATACCCAG-0-5607
GTCTCTCTATGTTGGC-0-5607,ABS,GTCTCTCTATGTTGGC-0-5607
GATGAAATGAGGTTAGTG-0-5607,ABS,GATGAAATGAGGTTAGTG-0-5607
ATTCCAGACCCCTTCAG-0-5607,ABS,ATTCCAGACCCCTTCAG-0-5607
GAGAGAATTGGATTTACC-0-5607,STM,GAGAGAATTGGATTTACC-0-5607
AACGAAACGACGAAACG-0-5607,ABS,AACGAAACGACGAAACG-0-5607
TGAATACCCAGGATGTATT-0-5607,ABS,TGAATACCCAGGATGTATT-0-5607
GGATAAAGAAACTGGT-0-5607,ABS,GGATAAAGAAACTGGT-0-5607
TGAGAGGCTGATTGATTCT-0-5607,ABS,TGAGAGGCTGATTGATTCT-0-5607
TTAAGCGTACCCACGA-0-5607,ABS,TTAAGCGTACCCACGA-0-5607
GAGAATTCGTACTAGGAT-0-5607,TAC,GAGAATTCGTACTAGGAT-0-5607
TGAAACCCTTGAGCTATGA-0-5607,ABS,TGAAACCCTTGAGCTATGA-0-5607
GATGTGAGCTTTCTTT-0-5607,ABS,GATGTGAGCTTTCTTT-0-5607
TGACAACAAATTGTGTCCT-0-5607,ABS,TGACAACAAATTGTGTCCT-0-5607
GAGATCTCGGAGCGCGAT-0-5607,ABS,GAGATCTCGGAGCGCGAT-0-5607
ATCAGCGCCAACAAAT-0-5607,ABS,ATCAGCGCCAACAAAT-0-5607
GTACCTTGTCTCAACC-0-5607,ABS,GTACCTTGTCTCAACC-0-5607
GGATAAAGAAACTCGA-0-5607,ABS,GGATAAAGAAACTCGA-0-5607
ACTTAGGTACAAGTCAT-0-5607,ABS,ACTTAGGTACAAGTCAT-0-5607
GACCACATTACTTCAGGT-0-5607,ABS,GACCACATTACTTCAGGT-0-5607
AGATGTATTAATTCCCA-0-5607,ABS,AGATGTATTAATTCCCA-0-5607
CCCAAGCATAAGACGG-0-5607,ABS,CCCAAGCATAAGACGG-0-5607
GAGTTGTCATACCCACGA-0-5607,ABS,GAGTTGTCATACCCACGA-0-5607
ACTTAGGTACTTAGGTA-0-5607,ABS,ACTTAGGTACTTAGGTA-0-5607
AAGACACCACATTTGTT-0-5607,ABS,AAGACACCACATTTGTT-0-5607
TTATCTGTAGAAGTCC-0-5607,ABS,TTATCTGTAGAAGTCC-0-5607
TGAGAGTTCACCCCTTGGT-0-5607,STM,TGAGAGTTCACCCCTTGGT-0-5607
GAGTTGTCATACACTAAG-0-5607,ABS,GAGTTGTCATACACTAAG-0-5607
AGATGTATTAGAAGTTA-0-5607,ABS,AGATGTATTAGAAGTTA-0-5607
AACTGAGTTATCAAGTG-0-5607,ABS,AACTGAGTTATCAAGTG-0-5607
TGATTCGCTGGCAAGAGGG-0-5607,ABS,TGATTCGCTGGCAAGAGGG-0-5607
AACGCAGAGACGAAACG-0-5607,ABS,AACGCAGAGACGAAACG-0-5607
GACGTCAGCACGTGCTAG-0-5607,ABS,GACGTCAGCACGTGCTAG-0-5607
ACTGCGTTGGATTTACC-0-5607,ABS,ACTGCGTTGGATTTACC-0-5607
TGAACGCTCAGCGTATCGG-0-5607,ABS,TGAACGCTCAGCGTATCGG-0-5607
TGCGACAGAAATCGTT-0-5607,ABS,TGCGACAGAAATCGTT-0-5607
TGAGCAGGGTACTACCGTT-0-5607,ABS,TGAGCAGGGTACTACCGTT-0-5607
GTAACGTTTCCGTCCA-0-5607,ABS,GTAACGTTTCCGTCCA-0-5607
AAGCTTCTTTGTTTAC-0-5607,ABS,AAGCTTCTTTGTTTAC-0-5607
TGAAAACAGGGAGAGGTGG-0-5607,ABS,TGAAAACAGGGAGAGGTGG-0-5607
TCCTTATTAGAAGTCC-0-5607,ABS,TCCTTATTAGAAGTCC-0-5607
AGAACGATTACGCCATT-0-5607,ABS,AGAACGATTACGCCATT-0-5607
GAATGGAAATATCTTTGT-0-5607,GOB,GAATGGAAATATCTTTGT-0-5607
GACATCTCCCAAATCGTT-0-5607,ABS,GACATCTCCCAAATCGTT-0-5607
ATCACGTTTAGCGCCTT-0-5607,ABS,ATCACGTTTAGCGCCTT-0-5607
GACTAGACCCAGGCAACG-0-5607,ABS,GACTAGACCCAGGCAACG-0-5607
GACCTATTCACCTGTTAT-0-5607,SSC,GACCTATTCACCTGTTAT-0-5607
ACCCTAACCAGCGCCTT-0-5607,ABS,ACCCTAACCAGCGCCTT-0-5607
AACGCAGAGAAACAGGG-0-5607,ABS,AACGCAGAGAAACAGGG-0-5607
GAACAGCGGAAAACCTCC-0-5607,ABS,GAACAGCGGAAAACCTCC-0-5607
GATTAGACCAGTTTGC-0-5607,TAC,GATTAGACCAGTTTGC-0-5607
GTAACGTTAGTGATGC-0-5607,ABS,GTAACGTTAGTGATGC-0-5607
TGAGTAATCCCCAATACTT-0-5607,ABS,TGAGTAATCCCCAATACTT-0-5607
ATCTGCATCCGGCTTAC-0-5607,ABS,ATCTGCATCCGGCTTAC-0-5607
AAGACACCAACTAGCCA-0-5607,ABS,AAGACACCAACTAGCCA-0-5607
AACGGTAGCTGCTATTT-0-5607,ABS,AACGGTAGCTGCTATTT-0-5607
TGACACAACAGATATCTTC-0-5607,ABS,TGACACAACAGATATCTTC-0-5607
TGACACAACAGTTTGTGTC-0-5607,ABS,TGACACAACAGTTTGTGTC-0-5607
AGTCAAAGATTGTTTAC-0-5607,ABS,AGTCAAAGATTGTTTAC-0-5607
AAGATGGCTTTTATCAC-0-5607,TAC,AAGATGGCTTTTATCAC-0-5607
GACCTGACACCGTATCGG-0-5607,ABS,GACCTGACACCGTATCGG-0-5607
AGTCAAAGATGTACACG-0-5607,ABS,AGTCAAAGATGTACACG-0-5607
AATCCCACGACAGCGGA-0-5607,ABS,AATCCCACGACAGCGGA-0-5607
GAGGGAACCTCTCTTGAC-0-5607,ABS,GAGGGAACCTCTCTTGAC-0-5607
AGTTACCGCGTTCAACT-0-5607,ABS,AGTTACCGCGTTCAACT-0-5607
AAGCGCCTTAGAAGTTA-0-5607,ABS,AAGCGCCTTAGAAGTTA-0-5607
GACATCTCCCTCGTCATG-0-5607,ABS,GACATCTCCCTCGTCATG-0-5607
ACTCCGCATACGAAACG-0-5607,ABS,ACTCCGCATACGAAACG-0-5607
CTTACGGGCAACAAAT-0-5607,ABS,CTTACGGGCAACAAAT-0-5607
AAGTGAAAGTGCCTCAC-0-5607,TUF,AAGTGAAAGTGCCTCAC-0-5607
ATTGTGACTATCTTTGT-0-5607,GOB,ATTGTGACTATCTTTGT-0-5607
TGAGCGCATTCAGCGTAGG-0-5607,ABS,TGAGCGCATTCAGCGTAGG-0-5607
ACTGCGTTGCTCAGAAT-0-5607,ABS,ACTGCGTTGCTCAGAAT-0-5607
AGAAGTGCCGTTGCACG-0-5607,ABS,AGAAGTGCCGTTGCACG-0-5607
AGAAGTGCCAAATGTCG-0-5607,ABS,AGAAGTGCCAAATGTCG-0-5607
GATTTAACAGCGTAGAAG-0-5607,TAC,GATTTAACAGCGTAGAAG-0-5607
GGAAACAGATGCGGAT-0-5607,SSC,GGAAACAGATGCGGAT-0-5607
AAGTGAAAGGATCTCGG-0-5607,ABS,AAGTGAAAGGATCTCGG-0-5607
CTTACGGGCGCTAGTC-0-5607,ABS,CTTACGGGCGCTAGTC-0-5607
ATTCGTTCCCTGGTGCA-0-5607,STM,ATTCGTTCCCTGGTGCA-0-5607
GTGTAACCCGCTAGTC-0-5607,ABS,GTGTAACCCGCTAGTC-0-5607
GGATAAAGCCCAAGCA-0-5607,ABS,GGATAAAGCCCAAGCA-0-5607
AAAAGTCGGGTCGTCGT-0-5607,ABS,AAAAGTCGGGTCGTCGT-0-5607
GAGTTGTCATCGTATCGG-0-5607,ABS,GAGTTGTCATCGTATCGG-0-5607
TGATAGAAATGAGTGAAAG-0-5607,GOB,TGATAGAAATGAGTGAAAG-0-5607
ACCCTAACCATACTCTT-0-5607,ABS,ACCCTAACCATACTCTT-0-5607
AGTGGATGGCAACAAAT-0-5607,ABS,AGTGGATGGCAACAAAT-0-5607
TGATGATAACAACATCTAT-0-5607,ABS,TGATGATAACAACATCTAT-0-5607
TGACTTCTGGAACAGCGGA-0-5607,TAC,TGACTTCTGGAACAGCGGA-0-5607
ATTCGTTCCTCGGTTTA-0-5607,CT,ATTCGTTCCTCGGTTTA-0-5607
GAGGGAGGTACGAATAAT-0-5607,TAC,GAGGGAGGTACGAATAAT-0-5607
AATGGATTAGACAACTT-0-5607,ABS,AATGGATTAGACAACTT-0-5607
TGAGCGCATTCCTCGATGC-0-5607,ABS,TGAGCGCATTCCTCGATGC-0-5607
GACCCATAGCAGAGACTA-0-5607,ABS,GACCCATAGCAGAGACTA-0-5607
AAAGTAATCGAAGTGCC-0-5607,ABS,AAAGTAATCGAAGTGCC-0-5607
TGACCTGTTATAAGTAATC-0-5607,ABS,TGACCTGTTATAAGTAATC-0-5607
ACGCTCTCACTCGATGC-0-5607,STM,ACGCTCTCACTCGATGC-0-5607
GATAACCATCACCACGCT-0-5607,ABS,GATAACCATCACCACGCT-0-5607
GAAAGCGTACTGTACACG-0-5607,ABS,GAAAGCGTACTGTACACG-0-5607
GATCGTTTATTCAGTA-0-5607,GOB,GATCGTTTATTCAGTA-0-5607
GGGTTGGTTCGAAGCT-0-5607,ABS,GGGTTGGTTCGAAGCT-0-5607
AACGCAGAGAAACTCGA-0-5607,GOB,AACGCAGAGAAACTCGA-0-5607
CCCAAGCAATATGCAT-0-5607,ABS,CCCAAGCAATATGCAT-0-5607
AAGCTACGGGTTACGAT-0-5607,ABS,AAGCTACGGGTTACGAT-0-5607
GATCTCAACCAGGAAGAC-0-5607,GOB,GATCTCAACCAGGAAGAC-0-5607
GGAAACAGAGCGTAGG-0-5607,GOB,GGAAACAGAGCGTAGG-0-5607
GATGTACACGTCGTCATG-0-5607,ABS,GATGTACACGTCGTCATG-0-5607
AATGTTGGCTTTAACAG-0-5607,GOB,AATGTTGGCTTTAACAG-0-5607
TACTTGTGATGACCGA-0-5607,ABS,TACTTGTGATGACCGA-0-5607
ACTGAGTGCGTACCTTG-0-5607,ABS,ACTGAGTGCGTACCTTG-0-5607
AGTTACCGCCACAAGGC-0-5607,ABS,AGTTACCGCCACAAGGC-0-5607
TGACCAGTATGCGGAT-0-5607,ABS,TGACCAGTATGCGGAT-0-5607
GGAAACAGCCTGACAC-0-5607,ABS,GGAAACAGCCTGACAC-0-5607
GAATTGGGCCTGAGGTCT-0-5607,ABS,GAATTGGGCCTGAGGTCT-0-5607
AGGGAACGACTGGTGCA-0-5607,ABS,AGGGAACGACTGGTGCA-0-5607
TTCGGCCTCTCTTGAC-0-5607,ABS,TTCGGCCTCTCTTGAC-0-5607
TGAGCAGGGTACGTACCTA-0-5607,ABS,TGAGCAGGGTACGTACCTA-0-5607
TGACAACAAATCGATTGAT-0-5607,SSC,TGACAACAAATCGATTGAT-0-5607
AGGCAACGCAGATTAC-0-5607,ABS,AGGCAACGCAGATTAC-0-5607
ATCTTTGTGTATGAGT-0-5607,ABS,ATCTTTGTGTATGAGT-0-5607
CGGCTTACTTGCATAT-0-5607,ABS,CGGCTTACTTGCATAT-0-5607
GACGCCTTGATTTGTGTC-0-5607,ABS,GACGCCTTGATTTGTGTC-0-5607
GAGCGGTATTTATCAC-0-5607,GOB,GAGCGGTATTTATCAC-0-5607
GACGTACCTACGCTAATA-0-5607,GOB,GACGTACCTACGCTAATA-0-5607
CCCAAGCACGACTCCT-0-5607,ABS,CCCAAGCACGACTCCT-0-5607
GACGAATAATCTACCGTT-0-5607,TAC,GACGAATAATCTACCGTT-0-5607
GAACTGCCGTATATCTTC-0-5607,STM,GAACTGCCGTATATCTTC-0-5607
GATGTGCTCACGTCAGCA-0-5607,ABS,GATGTGCTCACGTCAGCA-0-5607
TGAAAATGTCGTGCTATTT-0-5607,ABS,TGAAAATGTCGTGCTATTT-0-5607
AAGCTTCTTGTTTGAG-0-5607,ABS,AAGCTTCTTGTTTGAG-0-5607
AGGCAACGCTTACTCC-0-5607,ABS,AGGCAACGCTTACTCC-0-5607
GATAGTGTTTCATCGCAG-0-5607,STM,GATAGTGTTTCATCGCAG-0-5607
TGACTACGAGCCACAAGGC-0-5607,ABS,TGACTACGAGCCACAAGGC-0-5607
TGATGATAACAGGCGTTAG-0-5607,ABS,TGATGATAACAGGCGTTAG-0-5607
ACAGGTGTCATTCGACG-0-5607,GOB,ACAGGTGTCATTCGACG-0-5607
CTTCGATTAGGCAACG-0-5607,ABS,CTTCGATTAGGCAACG-0-5607
AAAAGCCTACAATACTT-0-5607,GOB,AAAAGCCTACAATACTT-0-5607
GATGTGAGAGCTACGG-0-5607,ABS,GATGTGAGAGCTACGG-0-5607
ACCCTTGGTTAGCCTCG-0-5607,ABS,ACCCTTGGTTAGCCTCG-0-5607
ATTGATTCTGTATGAGT-0-5607,ABS,ATTGATTCTGTATGAGT-0-5607
AGGGAAGGTCCTACTAG-0-5607,ABS,AGGGAAGGTCCTACTAG-0-5607
TGACTCAGAATCGTGCTAG-0-5607,GOB,TGACTCAGAATCGTGCTAG-0-5607
GCTTTGGCAAAGCCTA-0-5607,GOB,GCTTTGGCAAAGCCTA-0-5607
TGAAAATGTCGTCGACGGT-0-5607,ABS,TGAAAATGTCGTCGACGGT-0-5607
GGATAAAGGCAACCTG-0-5607,ABS,GGATAAAGGCAACCTG-0-5607
AGCCTCTTTATGAAGCA-0-5607,GOB,AGCCTCTTTATGAAGCA-0-5607
AAATCAGAGGGAACCT-0-5607,ABS,AAATCAGAGGGAACCT-0-5607
AAATGACCCCTTACTCC-0-5607,ABS,AAATGACCCCTTACTCC-0-5607
AATATCTTCGAAGTGCC-0-5607,STM,AATATCTTCGAAGTGCC-0-5607
TGAAGCGCGATTTGTTTAC-0-5607,ABS,TGAAGCGCGATTTGTTTAC-0-5607
TGATGATAACAAGACACCA-0-5607,ABS,TGATGATAACAAGACACCA-0-5607
GATTGAGGGTAGAAGTTA-0-5607,GOB,GATTGAGGGTAGAAGTTA-0-5607
CGAACGTAAATGACCC-0-5607,TAC,CGAACGTAAATGACCC-0-5607
AGCAACCTGCGCTAATA-0-5607,SSC,AGCAACCTGCGCTAATA-0-5607
TGACACAAGGCCGATTGAT-0-5607,ABS,TGACACAAGGCCGATTGAT-0-5607
AGTCAAAGATACCGGCA-0-5607,ABS,AGTCAAAGATACCGGCA-0-5607
GATCGTTTGACGATGG-0-5607,TAC,GATCGTTTGACGATGG-0-5607
TGAGTGGAGCTCTAGATTG-0-5607,ABS,TGAGTGGAGCTCTAGATTG-0-5607
TGACACTTTCTACAGCGGA-0-5607,GOB,TGACACTTTCTACAGCGGA-0-5607
AGGTGACACCGGACAAC-0-5607,ABS,AGGTGACACCGGACAAC-0-5607
ACCGTGTTTATCCCACG-0-5607,ABS,ACCGTGTTTATCCCACG-0-5607
CTTCAGGTACAGCGGA-0-5607,ABS,CTTCAGGTACAGCGGA-0-5607
TGATTGTCGCCATTCCTTG-0-5607,GOB,TGATTGTCGCCATTCCTTG-0-5607
ATTCCAGACAAGCGTAC-0-5607,SSC,ATTCCAGACAAGCGTAC-0-5607
ACGTGGATATTCCAGAC-0-5607,ABS,ACGTGGATATTCCAGAC-0-5607
ATCTTTGTTTCCGAGT-0-5607,ABS,ATCTTTGTTTCCGAGT-0-5607
AAGATGGCTCAATACTT-0-5607,ABS,AAGATGGCTCAATACTT-0-5607
TGAAGGTTGTGGGATAAAG-0-5607,ABS,TGAAGGTTGTGGGATAAAG-0-5607
TGCGTATCTGTTCCAG-0-5607,ABS,TGCGTATCTGTTCCAG-0-5607
ATTCGTTCCGTGGAGCT-0-5607,ABS,ATTCGTTCCGTGGAGCT-0-5607
AATGTTGGCTGCGTATC-0-5607,GOB,AATGTTGGCTGCGTATC-0-5607
GCATGGGTATCTTTGT-0-5607,ABS,GCATGGGTATCTTTGT-0-5607
AGGTCACAGATGGATTA-0-5607,GOB,AGGTCACAGATGGATTA-0-5607
ATTAGGACCTAGTCTAG-0-5607,ABS,ATTAGGACCTAGTCTAG-0-5607
ACCATTTGAAGGCAGTT-0-5607,GOB,ACCATTTGAAGGCAGTT-0-5607
GACAATTAGTGGCGTTAG-0-5607,ABS,GACAATTAGTGGCGTTAG-0-5607
AAGCGAAGTTTCGCTGG-0-5607,ABS,AAGCGAAGTTTCGCTGG-0-5607
AGCTTTCCACATTTGTT-0-5607,STM,AGCTTTCCACATTTGTT-0-5607
GAACAGCGGATGTAGTTT-0-5607,ABS,GAACAGCGGATGTAGTTT-0-5607
TGAATACCCAGTGCAAGGG-0-5607,ABS,TGAATACCCAGTGCAAGGG-0-5607
TGATTCACATAGTGTCGGA-0-5607,ABS,TGATTCACATAGTGTCGGA-0-5607
AACTGAGTTCATTTGTT-0-5607,SSC,AACTGAGTTCATTTGTT-0-5607
GACCTGACACTTAAGCGT-0-5607,STM,GACCTGACACTTAAGCGT-0-5607
GACGACTCCTTTAAACTG-0-5607,ABS,GACGACTCCTTTAAACTG-0-5607
AGCAACCTGTTGCACGC-0-5607,ABS,AGCAACCTGTTGCACGC-0-5607
TGAAAACAGGGAGCGCGAT-0-5607,ABS,TGAAAACAGGGAGCGCGAT-0-5607
TGACACTTTCTCTTCGCAC-0-5607,TAC,TGACACTTTCTCTTCGCAC-0-5607
GATTTAACAGGGGAAGGT-0-5607,STM,GATTTAACAGGGGAAGGT-0-5607
GAACAGCGGATACCGGCA-0-5607,ABS,GAACAGCGGATACCGGCA-0-5607
GAGTTGTCATGTCAAAGA-0-5607,ABS,GAGTTGTCATGTCAAAGA-0-5607
TGAGGCGGTTTTCTCACTT-0-5607,ABS,TGAGGCGGTTTTCTCACTT-0-5607
GATACAAACTACTAGCCA-0-5607,ABS,GATACAAACTACTAGCCA-0-5607
GACGCCTTGATTCGGCCT-0-5607,TAC,GACGCCTTGATTCGGCCT-0-5607
TGAGGGAAATCTACGTGCT-0-5607,ABS,TGAGGGAAATCTACGTGCT-0-5607
GATTTAACAGTTCACATA-0-5607,ABS,GATTTAACAGTTCACATA-0-5607
TCATCCTTTGGTATGA-0-5607,ABS,TCATCCTTTGGTATGA-0-5607
TCCTTATTCAAGAGGG-0-5607,ABS,TCCTTATTCAAGAGGG-0-5607
GATGTGAGAGCGTAGG-0-5607,GOB,GATGTGAGAGCGTAGG-0-5607
ACTCCGCATCTTACGGG-0-5607,ABS,ACTCCGCATCTTACGGG-0-5607
AATGGATTAAATTCCCA-0-5607,ABS,AATGGATTAAATTCCCA-0-5607
GAAGGCAGTTTCCCGTAG-0-5607,ABS,GAAGGCAGTTTCCCGTAG-0-5607
GAGAATTCGTCGGAATTT-0-5607,ABS,GAGAATTCGTCGGAATTT-0-5607
TGATGCCCTTGGCGTT-0-5607,ABS,TGATGCCCTTGGCGTT-0-5607
ATAGTGGACCTGGTGCA-0-5607,ABS,ATAGTGGACCTGGTGCA-0-5607
TGAGGTCTGACCCTCGTCT-0-5607,SSC,TGAGGTCTGACCCTCGTCT-0-5607
TCATCCTTCTTCGCAC-0-5607,ABS,TCATCCTTCTTCGCAC-0-5607
CCGCTGTTGTCCGTAC-0-5607,ABS,CCGCTGTTGTCCGTAC-0-5607
ATGGCCTGTTGTGTCCT-0-5607,ABS,ATGGCCTGTTGTGTCCT-0-5607
AACCCATATCGCTCTCA-0-5607,GOB,AACCCATATCGCTCTCA-0-5607
ATCTTTGTCCCTAACC-0-5607,ABS,ATCTTTGTCCCTAACC-0-5607
TGATCGACGGTTCTAGCAG-0-5607,ABS,TGATCGACGGTTCTAGCAG-0-5607
TGAGGCGGTTTAATGACCC-0-5607,ABS,TGAGGCGGTTTAATGACCC-0-5607
GACATTTGTTCTTTCTTT-0-5607,TAC,GACATTTGTTCTTTCTTT-0-5607
GAGGACTTCCACGAAACG-0-5607,GOB,GAGGACTTCCACGAAACG-0-5607
ATTGTGACTGTGGATGG-0-5607,ABS,ATTGTGACTGTGGATGG-0-5607
AACCTGACATATACCT-0-5607,ABS,AACCTGACATATACCT-0-5607
GATGTGCTCATGTAGTTT-0-5607,ABS,GATGTGCTCATGTAGTTT-0-5607
TGACCAGTGATGTATT-0-5607,ABS,TGACCAGTGATGTATT-0-5607
AAGCTACGGATTGGGCC-0-5607,ABS,AAGCTACGGATTGGGCC-0-5607
TGACTTGGTGTCCTGACAC-0-5607,ABS,TGACTTGGTGTCCTGACAC-0-5607
TGGTATGATCGACGGT-0-5607,ABS,TGGTATGATCGACGGT-0-5607
ATAGTCGCAAAACTCGA-0-5607,ABS,ATAGTCGCAAAACTCGA-0-5607
GAAGTTTAGATTCCGAGT-0-5607,EE,GAAGTTTAGATTCCGAGT-0-5607
TGAGCCGGATTTCCAGGGA-0-5607,TAC,TGAGCCGGATTTCCAGGGA-0-5607
TAGCCTCGAGGATTCA-0-5607,ABS,TAGCCTCGAGGATTCA-0-5607
GATGTAAAGGAACTTAGC-0-5607,ABS,GATGTAAAGGAACTTAGC-0-5607
AACTTAGCGGTCACAG-0-5607,STM,AACTTAGCGGTCACAG-0-5607
TGAAGCGCGATCGCTAGTC-0-5607,ABS,TGAAGCGCGATCGCTAGTC-0-5607
GATGAAATGAAAACAGGG-0-5607,SSC,GATGAAATGAAAACAGGG-0-5607
GAATGGAAATCTAGACCC-0-5607,ABS,GAATGGAAATCTAGACCC-0-5607
AGGGAAGGTCAATACTT-0-5607,ABS,AGGGAAGGTCAATACTT-0-5607
GAACACTAAGGTACACTC-0-5607,ABS,GAACACTAAGGTACACTC-0-5607
GACGATTGATCCTGACAC-0-5607,ABS,GACGATTGATCCTGACAC-0-5607
TGAAACAATCCCTAGACCC-0-5607,ABS,TGAAACAATCCCTAGACCC-0-5607
TAAATAGGACTGCCGT-0-5607,ABS,TAAATAGGACTGCCGT-0-5607
AGGTCACAGCTGAGTGC-0-5607,ABS,AGGTCACAGCTGAGTGC-0-5607
GCATGGGTCCCGAATG-0-5607,ABS,GCATGGGTCCCGAATG-0-5607
GAAGTTTAGACCTACTAG-0-5607,STM,GAAGTTTAGACCTACTAG-0-5607
TAAATAGGGTCCGTAC-0-5607,ABS,TAAATAGGGTCCGTAC-0-5607
AATATACCTTGTGGCTA-0-5607,GOB,AATATACCTTGTGGCTA-0-5607
GAATTCCTTGTCTGCATC-0-5607,ABS,GAATTCCTTGTCTGCATC-0-5607
GATGTTCCAGACCACGCT-0-5607,ABS,GATGTTCCAGACCACGCT-0-5607
GTTGCACGAAAGTCGG-0-5607,ABS,GTTGCACGAAAGTCGG-0-5607
AATGTTTGGAAGGCTT-0-5607,ABS,AATGTTTGGAAGGCTT-0-5607
GGAAACAGTGGCCTGT-0-5607,ABS,GGAAACAGTGGCCTGT-0-5607
GATGTGCTCATCCCAATC-0-5607,TAC,GATGTGCTCATCCCAATC-0-5607
ACAGGTGTCTTGTCGCC-0-5607,ABS,ACAGGTGTCTTGTCGCC-0-5607
TGAATTCGACGTGTCTTTC-0-5607,ABS,TGAATTCGACGTGTCTTTC-0-5607
TCATCCTTAGAAGTTA-0-5607,TAC,TCATCCTTAGAAGTTA-0-5607
GAACTAGGATTCCCGTAG-0-5607,ABS,GAACTAGGATTCCCGTAG-0-5607
TCCTTATTTCTGCATC-0-5607,ABS,TCCTTATTTCTGCATC-0-5607
TGAGTAATCCCGTGGAGCT-0-5607,ABS,TGAGTAATCCCGTGGAGCT-0-5607
GACAAGAGGGTGCGTATC-0-5607,TAC,GACAAGAGGGTGCGTATC-0-5607
GACCTGACACAACCTGAC-0-5607,ABS,GACCTGACACAACCTGAC-0-5607
GACCCATAGCACCTTCTT-0-5607,ABS,GACCCATAGCACCTTCTT-0-5607
TGAAACAATCCGTCAATAC-0-5607,ABS,TGAAACAATCCGTCAATAC-0-5607
TTCCGCTCACAGCGGA-0-5607,GOB,TTCCGCTCACAGCGGA-0-5607
GCTTTGGCGAACGATT-0-5607,STM,GCTTTGGCGAACGATT-0-5607
AGGTGACACAGAGACTA-0-5607,SSC,AGGTGACACAGAGACTA-0-5607
TGACACAGTTTCAGTTTGC-0-5607,ABS,TGACACAGTTTCAGTTTGC-0-5607
GAGAATTCGTCACGGACT-0-5607,ABS,GAGAATTCGTCACGGACT-0-5607
AATATACCTAGAAGTTA-0-5607,GOB,AATATACCTAGAAGTTA-0-5607
GATCGGTTTAGTTGCACG-0-5607,ABS,GATCGGTTTAGTTGCACG-0-5607
GGAAACAGCGAACGTA-0-5607,ABS,GGAAACAGCGAACGTA-0-5607
TGACATACATTATACCCAG-0-5607,ABS,TGACATACATTATACCCAG-0-5607
AAAGTAATCCGGGTAGT-0-5607,ABS,AAAGTAATCCGGGTAGT-0-5607
GACAAGAGGGAATTCCCA-0-5607,ABS,GACAAGAGGGAATTCCCA-0-5607
TTATCTGTTGTCTTTC-0-5607,ABS,TTATCTGTTGTCTTTC-0-5607
ACTGAGTGCCCTCGTCT-0-5607,ABS,ACTGAGTGCCCTCGTCT-0-5607
TGAACTAGCCATCGGTACG-0-5607,ABS,TGAACTAGCCATCGGTACG-0-5607
GATTGAGGGTGGCGTTAG-0-5607,ABS,GATTGAGGGTGGCGTTAG-0-5607
AAGCTACGGCTGTCTGG-0-5607,TAC,AAGCTACGGCTGTCTGG-0-5607
TGGTATGATTGGCGTT-0-5607,TAC,TGGTATGATTGGCGTT-0-5607
TGATAGAAATGGCTTACCT-0-5607,ABS,TGATAGAAATGGCTTACCT-0-5607
GATAGTGTTTTTCGGCCT-0-5607,ABS,GATAGTGTTTTTCGGCCT-0-5607
TGATTCACATAGCCTCTTT-0-5607,ABS,TGATTCACATAGCCTCTTT-0-5607
GAGCGGTACGGCTTAC-0-5607,GOB,GAGCGGTACGGCTTAC-0-5607
GAACGCCATTGACGATGG-0-5607,GOB,GAACGCCATTGACGATGG-0-5607
TGAGCCACATCTGGGATTC-0-5607,STM,TGAGCCACATCTGGGATTC-0-5607
TGGCTACCCAGACCAT-0-5607,ABS,TGGCTACCCAGACCAT-0-5607
AAGACACCATGTGTCCT-0-5607,ABS,AAGACACCATGTGTCCT-0-5607
TGAACGCTCAGATGCGGAT-0-5607,TAC,TGAACGCTCAGATGCGGAT-0-5607
CGACGTCAGTATGAGT-0-5607,ABS,CGACGTCAGTATGAGT-0-5607
ACCATTTGAGCTTACCT-0-5607,ABS,ACCATTTGAGCTTACCT-0-5607
TCCAGGGAACATCTAT-0-5607,GOB,TCCAGGGAACATCTAT-0-5607
TGATAGAAATGCACAAGGC-0-5607,ABS,TGATAGAAATGCACAAGGC-0-5607
GACAATTAGTAAGGTAAT-0-5607,ABS,GACAATTAGTAAGGTAAT-0-5607
GATGTGCTCACGTATCGG-0-5607,STM,GATGTGCTCACGTATCGG-0-5607
ACCCACGAACACTAAG-0-5607,TAC,ACCCACGAACACTAAG-0-5607
AGGCAACGACTTCAAT-0-5607,ABS,AGGCAACGACTTCAAT-0-5607
AGTCAAAGACTTGGTGT-0-5607,ABS,AGTCAAAGACTTGGTGT-0-5607
GAGGACTTCCACCTTCTT-0-5607,ABS,GAGGACTTCCACCTTCTT-0-5607
TGATCCCTGATAGTTTAGA-0-5607,ABS,TGATCCCTGATAGTTTAGA-0-5607
TGATTCACATAGTATGAGT-0-5607,SSC,TGATTCACATAGTATGAGT-0-5607
AGAAGTCCACGTATAC-0-5607,ABS,AGAAGTCCACGTATAC-0-5607
GATTTAACAGGAATTCGT-0-5607,ABS,GATTTAACAGGAATTCGT-0-5607
ACAACGTGGCCCATCTG-0-5607,STM,ACAACGTGGCCCATCTG-0-5607
AGGTCACAGAATGAATG-0-5607,ABS,AGGTCACAGAATGAATG-0-5607
TGAATGACCGATGCGTATC-0-5607,ABS,TGAATGACCGATGCGTATC-0-5607
TGAGACAAAGGCCCATAGC-0-5607,ABS,TGAGACAAAGGCCCATAGC-0-5607
TGAGTACACTCTTGAGGGT-0-5607,GOB,TGAGTACACTCTTGAGGGT-0-5607
GATCCGTCCATGTGCTCA-0-5607,GOB,GATCCGTCCATGTGCTCA-0-5607
CGGCACATGAATTCGT-0-5607,ABS,CGGCACATGAATTCGT-0-5607
GACCCATAGCACGGTAGC-0-5607,ABS,GACCCATAGCACGGTAGC-0-5607
TGCGACAGCGCCTTGA-0-5607,TAC,TGCGACAGCGCCTTGA-0-5607
TGACTGTTCTTGAAAGACC-0-5607,ABS,TGACTGTTCTTGAAAGACC-0-5607
GTCTCTCTGAACGATT-0-5607,ABS,GTCTCTCTGAACGATT-0-5607
AGAAGTGCCTGATGCCC-0-5607,ABS,AGAAGTGCCTGATGCCC-0-5607
GACGACTCCTGGAGAAGC-0-5607,STM,GACGACTCCTGGAGAAGC-0-5607
GAGTCCAAAGGGTGACAC-0-5607,ABS,GAGTCCAAAGGGTGACAC-0-5607
GTCTCTCTCTACCGTT-0-5607,TAC,GTCTCTCTCTACCGTT-0-5607
AGTATGAGTTTCCGAGT-0-5607,TAC,AGTATGAGTTTCCGAGT-0-5607
ACGGACAACGATTGCGA-0-5607,ABS,ACGGACAACGATTGCGA-0-5607
ACAACGTGGGGAAACAG-0-5607,ABS,ACAACGTGGGGAAACAG-0-5607
GATTGGCGTTGATGTGAG-0-5607,ABS,GATTGGCGTTGATGTGAG-0-5607
GATCCCAATCTGCCATCG-0-5607,ABS,GATCCCAATCTGCCATCG-0-5607
TGACTGGTGCAACTTCAAT-0-5607,ABS,TGACTGGTGCAACTTCAAT-0-5607
TAACTACTGGCCTAAG-0-5607,ABS,TAACTACTGGCCTAAG-0-5607
AATGTTGGCGAATACGC-0-5607,STM,AATGTTGGCGAATACGC-0-5607
CTTTAATCGGCTACTA-0-5607,TAC,CTTTAATCGGCTACTA-0-5607
AGTCAAAGAGCCTCTTT-0-5607,GOB,AGTCAAAGAGCCTCTTT-0-5607
AGGGAAGGTGAGTTCAC-0-5607,ABS,AGGGAAGGTGAGTTCAC-0-5607
ACCGCAACTATGAAGCA-0-5607,ABS,ACCGCAACTATGAAGCA-0-5607
ATCACGTTTGGAATAGA-0-5607,GOB,ATCACGTTTGGAATAGA-0-5607
ACGTGCTAGTCCCAATC-0-5607,EE,ACGTGCTAGTCCCAATC-0-5607
GACGCCTTGAGTTGCACG-0-5607,ABS,GACGCCTTGAGTTGCACG-0-5607
TTTGTGTCAGTGATGC-0-5607,GOB,TTTGTGTCAGTGATGC-0-5607
AGCAAAGCCTAGCTTAT-0-5607,TAC,AGCAAAGCCTAGCTTAT-0-5607
ACTGCGTTGGAGTTCAC-0-5607,ABS,ACTGCGTTGGAGTTCAC-0-5607
ATTTGGGAGTCTGTGGT-0-5607,GOB,ATTTGGGAGTCTGTGGT-0-5607
TGACTGGTGCATCATCCTT-0-5607,ABS,TGACTGGTGCATCATCCTT-0-5607
AATATACCTGCAGTCGA-0-5607,ABS,AATATACCTGCAGTCGA-0-5607
AGTATGAGTAACTTAGC-0-5607,GOB,AGTATGAGTAACTTAGC-0-5607
AGGGAAGGTGACAAAGG-0-5607,STM,AGGGAAGGTGACAAAGG-0-5607
TGAAGGAGCTTGCCTCTTT-0-5607,TUF,TGAAGGAGCTTGCCTCTTT-0-5607
TGGTATGAGAGAGTAT-0-5607,ABS,TGGTATGAGAGAGTAT-0-5607
CCGCTGTTACCTTGCC-0-5607,ABS,CCGCTGTTACCTTGCC-0-5607
ACCGTGTTTCGAGTCTG-0-5607,TAC,ACCGTGTTTCGAGTCTG-0-5607
AGCACCTCTTTGTGACT-0-5607,GOB,AGCACCTCTTTGTGACT-0-5607
ATCGGTTCGCTTACTCC-0-5607,ABS,ATCGGTTCGCTTACTCC-0-5607
TGAGGCGGTTTGTTGCACG-0-5607,ABS,TGAGGCGGTTTGTTGCACG-0-5607
AATGTTTGCGCTAGTC-0-5607,ABS,AATGTTTGCGCTAGTC-0-5607
GCATGGGTAGAAGTTA-0-5607,TAC,GCATGGGTAGAAGTTA-0-5607
TGAGCCGGATTGTTGTCAT-0-5607,ABS,TGAGCCGGATTGTTGTCAT-0-5607
TCCAGGGATGACCCTC-0-5607,STM,TCCAGGGATGACCCTC-0-5607
AGCACCTCTGCTTTGGC-0-5607,ABS,AGCACCTCTGCTTTGGC-0-5607
GCTTACCTATACCCAG-0-5607,GOB,GCTTACCTATACCCAG-0-5607
TGATTTACCCTTGTTCCAG-0-5607,GOB,TGATTTACCCTTGTTCCAG-0-5607
TGACTCGCGTAGCGCATTC-0-5607,ABS,TGACTCGCGTAGCGCATTC-0-5607
TGAAACCCTTGGAGTTCAC-0-5607,TAC,TGAAACCCTTGGAGTTCAC-0-5607
TTTGTGTCGTACCTTG-0-5607,STM,TTTGTGTCGTACCTTG-0-5607
AAATGACCCGCCTCTTT-0-5607,STM,AAATGACCCGCCTCTTT-0-5607
TGCAAGGGGAGTTTCG-0-5607,TAC,TGCAAGGGGAGTTTCG-0-5607
TGACTCGATGCAACCCTTG-0-5607,ABS,TGACTCGATGCAACCCTTG-0-5607
ACTCCGCATCACTCCTC-0-5607,GOB,ACTCCGCATCACTCCTC-0-5607
GATACCAGGCGTCCGTAC-0-5607,ABS,GATACCAGGCGTCCGTAC-0-5607
TGATTGCACGCGCCAAGAT-0-5607,TAC,TGATTGCACGCGCCAAGAT-0-5607
TGATGTTTGAGATTTCCGG-0-5607,ABS,TGATGTTTGAGATTTCCGG-0-5607
ATATGCATGCGCATTC-0-5607,STM,ATATGCATGCGCATTC-0-5607
TGATATTGCCTGGCATGCT-0-5607,TAC,TGATATTGCCTGGCATGCT-0-5607
AAATCGGGTGTAACGTT-0-5607,ABS,AAATCGGGTGTAACGTT-0-5607
TGACTGGTGCACTCGCGTA-0-5607,GOB,TGACTGGTGCACTCGCGTA-0-5607
ATTGTGACTTTGGACTT-0-5607,TUF,ATTGTGACTTTGGACTT-0-5607
AAATCAGATCCAGGGA-0-5607,GOB,AAATCAGATCCAGGGA-0-5607
ATTTCCGGCGTATCGG-0-5607,STM,ATTTCCGGCGTATCGG-0-5607
ACTTCAATCCCATAGC-0-5607,SSC,ACTTCAATCCCATAGC-0-5607
ACCCGACTTGTCAATAC-0-5607,STM,ACCCGACTTGTCAATAC-0-5607
ATTGTGACTCCCGACTT-0-5607,ABS,ATTGTGACTCCCGACTT-0-5607
GGAAACAGTGACGGAC-0-5607,GOB,GGAAACAGTGACGGAC-0-5607
AATGTTGGCCCATTTGA-0-5607,STM,AATGTTGGCCCATTTGA-0-5607
AAGCGCCTTGGAATAGA-0-5607,ABS,AAGCGCCTTGGAATAGA-0-5607
GATGCCATCGTGTAGTTT-0-5607,ABS,GATGCCATCGTGTAGTTT-0-5607
TGAAGGATTCACTGTCTGG-0-5607,STM,TGAAGGATTCACTGTCTGG-0-5607
GAGTCCAAAGACTCACCG-0-5607,TAC,GAGTCCAAAGACTCACCG-0-5607
TCCTTATTGTTACCGC-0-5607,ABS,TCCTTATTGTTACCGC-0-5607
TGACTGGTGCAACGTATAC-0-5607,GOB,TGACTGGTGCAACGTATAC-0-5607
AAGCTATGAACTAGGAT-0-5607,ABS,AAGCTATGAACTAGGAT-0-5607
ATCATGAGGTTCCGAGT-0-5607,ABS,ATCATGAGGTTCCGAGT-0-5607
AATTCAGTACAGGTGTC-0-5607,ABS,AATTCAGTACAGGTGTC-0-5607
TTGGACTTGGGAGGTA-0-5607,ABS,TTGGACTTGGGAGGTA-0-5607
TGATCCCTGATCAGTTTGC-0-5607,ABS,TGATCCCTGATCAGTTTGC-0-5607
TGAGACAAAGGTATTGCCT-0-5607,ABS,TGAGACAAAGGTATTGCCT-0-5607
GAGGTCCCTTCGTATTTC-0-5607,ABS,GAGGTCCCTTCGTATTTC-0-5607
TGAGCGCATTCAAACAGGG-0-5607,ABS,TGAGCGCATTCAAACAGGG-0-5607
CTTACGGGTTAAACTG-0-5607,GOB,CTTACGGGTTAAACTG-0-5607
GACGATTGATGGCGTTAG-0-5607,ABS,GACGATTGATGGCGTTAG-0-5607
CTTACGGGGGCCTAAG-0-5607,SSC,CTTACGGGGGCCTAAG-0-5607
GAAGGAAGACATCAGCGC-0-5607,GOB,GAAGGAAGACATCAGCGC-0-5607
TGATCGTCATGTGCTATTT-0-5607,GOB,TGATCGTCATGTGCTATTT-0-5607
TGAAACACACGGTACACTC-0-5607,STM,TGAAACACACGGTACACTC-0-5607
ATTCGTTCCTACCGGCA-0-5607,TAC,ATTCGTTCCTACCGGCA-0-5607
TGACTTCGCACATCTTTGT-0-5607,ABS,TGACTTCGCACATCTTTGT-0-5607
GAGATCTCGGGAGTTCAC-0-5607,TAC,GAGATCTCGGGAGTTCAC-0-5607
AATTCCCAGTAATCCC-0-5607,ABS,AATTCCCAGTAATCCC-0-5607
ATTGGATCGCAGACCAT-0-5607,STM,ATTGGATCGCAGACCAT-0-5607
TGATTTACCCTGCCACATC-0-5607,ABS,TGATTTACCCTGCCACATC-0-5607
TGAATGACCGACTTTAATC-0-5607,ABS,TGAATGACCGACTTTAATC-0-5607
GACAATTAGTTTGAGGGT-0-5607,GOB,GACAATTAGTTTGAGGGT-0-5607
AAAGTAATCCCCTTCAG-0-5607,GOB,AAAGTAATCCCCTTCAG-0-5607
TACCGGCAGGGTTGGT-0-5607,GOB,TACCGGCAGGGTTGGT-0-5607
GATGGGATTCATTCCTTG-0-5607,ABS,GATGGGATTCATTCCTTG-0-5607
GGTGGGATGACAGATA-0-5607,ABS,GGTGGGATGACAGATA-0-5607
GATGACGGACCCTCGTCT-0-5607,ABS,GATGACGGACCCTCGTCT-0-5607
TGATCGTCATGGGTCACAG-0-5607,SSC,TGATCGTCATGGGTCACAG-0-5607
TGAAGCGCGATAGATGGCT-0-5607,SSC,TGAAGCGCGATAGATGGCT-0-5607
GACAGTCCCTACACTAAG-0-5607,ABS,GACAGTCCCTACACTAAG-0-5607
AATATCTTCCAAGAGGG-0-5607,GOB,AATATCTTCCAAGAGGG-0-5607
AGCTTTCCAGTCTCTCT-0-5607,GOB,AGCTTTCCAGTCTCTCT-0-5607
GCTTACCTAGAAGTCC-0-5607,ABS,GCTTACCTAGAAGTCC-0-5607
GACTAGACCCATTCAGTA-0-5607,TUF,GACTAGACCCATTCAGTA-0-5607
TGAGGTTTCTCGAAGGCTT-0-5607,TUF,TGAGGTTTCTCGAAGGCTT-0-5607
TAGCTTATGATTTACC-0-5607,ABS,TAGCTTATGATTTACC-0-5607
TGATCGACGGTGGACTTCC-0-5607,EE,TGATCGACGGTGGACTTCC-0-5607
GAGGTCCCTTCTTTCTTT-0-5607,TUF,GAGGTCCCTTCTTTCTTT-0-5607
GCTTACCTTTGTTTAC-0-5607,EE,GCTTACCTTTGTTTAC-0-5607
TGACAGACCATACGAAACG-3-5607,ABS,TGACAGACCATACGAAACG-3-5607
ACGGACAACAGCGTAGG-3-5607,ABS,ACGGACAACAGCGTAGG-3-5607
AATGCGGATAACCCTTG-3-5607,ABS,AATGCGGATAACCCTTG-3-5607
TAACTACTACCTTGCC-3-5607,TAC,TAACTACTACCTTGCC-3-5607
ATCTGCATCAGCGAAGT-3-5607,ABS,ATCTGCATCAGCGAAGT-3-5607
GTTACGATATACCCAG-3-5607,ABS,GTTACGATATACCCAG-3-5607
GATGGTTTCTCCTACTAG-3-5607,TAC,GATGGTTTCTCCTACTAG-3-5607
GATCGGTTTACAGTTTGC-3-5607,ABS,GATCGGTTTACAGTTTGC-3-5607
GAATCAAGTGAGGCAACG-3-5607,ABS,GAATCAAGTGAGGCAACG-3-5607
GATTGAGGGTACGCAGAG-3-5607,ABS,GATTGAGGGTACGCAGAG-3-5607
GAGAAAGACCAAATGTCG-3-5607,TAC,GAGAAAGACCAAATGTCG-3-5607
AGCAAAGCCAAACGCCT-3-5607,ABS,AGCAAAGCCAAACGCCT-3-5607
TGACCTCGTCTCAATACTT-3-5607,ABS,TGACCTCGTCTCAATACTT-3-5607
GACAAGAGGGCCCTTCAG-3-5607,ABS,GACAAGAGGGCCCTTCAG-3-5607
CCCATCTGCAGATTAC-3-5607,ABS,CCCATCTGCAGATTAC-3-5607
GACGTCAGCAAACAATCC-3-5607,TAC,GACGTCAGCAAACAATCC-3-5607
TGACTCGCGTAATCCCACG-3-5607,STM,TGACTCGCGTAATCCCACG-3-5607
TGATTAGTCCGAGCGCCTT-3-5607,ABS,TGATTAGTCCGAGCGCCTT-3-5607
GATTTAACAGACGGTAGC-3-5607,ABS,GATTTAACAGACGGTAGC-3-5607
AGATGTATTATGACCGA-3-5607,ABS,AGATGTATTATGACCGA-3-5607
GATGACGGACCGAACGTA-3-5607,ABS,GATGACGGACCGAACGTA-3-5607
AGGTGACACAAATCGTT-3-5607,ABS,AGGTGACACAAATCGTT-3-5607
ACGTATACACTGCCGT-3-5607,ABS,ACGTATACACTGCCGT-3-5607
AGGTCACAGATTTCCGG-3-5607,TAC,AGGTCACAGATTTCCGG-3-5607
TGATCACCGAGAAATGTCG-3-5607,ABS,TGATCACCGAGAAATGTCG-3-5607
GACGTCAGCAACGCTCAG-3-5607,TUF,GACGTCAGCAACGCTCAG-3-5607
TGACCAGTAGGTTGTG-3-5607,ABS,TGACCAGTAGGTTGTG-3-5607
TGACTCGCGTAAGCGCCTT-3-5607,ABS,TGACTCGCGTAAGCGCCTT-3-5607
TGATGTGGCTAAAATCGTT-3-5607,ABS,TGATGTGGCTAAAATCGTT-3-5607
TGACGTAGAAGAACCTGAC-3-5607,ABS,TGACGTAGAAGAACCTGAC-3-5607
AAGCGAAGTATATACCT-3-5607,ABS,AAGCGAAGTATATACCT-3-5607
ACAGATTACATCCCACG-3-5607,ABS,ACAGATTACATCCCACG-3-5607
TGATTGCACGCAATGACCC-3-5607,ABS,TGATTGCACGCAATGACCC-3-5607
GAGGGAACCTATTCCTTG-3-5607,ABS,GAGGGAACCTATTCCTTG-3-5607
GAACAGCGGAAATCGGGT-3-5607,ABS,GAACAGCGGAAATCGGGT-3-5607
AGCAGAACACTGAGTT-3-5607,EE,AGCAGAACACTGAGTT-3-5607
CGTATTTCAGCAGAAC-3-5607,ABS,CGTATTTCAGCAGAAC-3-5607
GACTAGACCCAGGCAGTT-3-5607,TAC,GACTAGACCCAGGCAGTT-3-5607
GAATGGAAATATCCCACG-3-5607,TAC,GAATGGAAATATCCCACG-3-5607
GATACCAGGCAGGCAACG-3-5607,ABS,GATACCAGGCAGGCAACG-3-5607
TTTGTGTCAGCGCGAT-3-5607,ABS,TTTGTGTCAGCGCGAT-3-5607
ATTGATTCTTACCGGCA-3-5607,ABS,ATTGATTCTTACCGGCA-3-5607
TGATCACCGAGAACCCTTG-3-5607,TAC,TGATCACCGAGAACCCTTG-3-5607
TACCGGCAAGGATTCA-3-5607,ABS,TACCGGCAAGGATTCA-3-5607
AATGCGGATATGACCGA-3-5607,CT,AATGCGGATATGACCGA-3-5607
ATCACGTTTATATACCT-3-5607,ABS,ATCACGTTTATATACCT-3-5607
TGACTGTTCTTATCCCACG-3-5607,ABS,TGACTGTTCTTATCCCACG-3-5607
GGGTTGGTGATCTCGG-3-5607,ABS,GGGTTGGTGATCTCGG-3-5607
AGCAAAGCCTGGCTACC-3-5607,ABS,AGCAAAGCCTGGCTACC-3-5607
TACTTGTGTAACCATC-3-5607,ABS,TACTTGTGTAACCATC-3-5607
GATCGGTTTAACACTAAG-3-5607,ABS,GATCGGTTTAACACTAAG-3-5607
TGATTCACATAAAGCGTAC-3-5607,TAC,TGATTCACATAAAGCGTAC-3-5607
TGACGAGTCTGAGCTACGG-3-5607,ABS,TGACGAGTCTGAGCTACGG-3-5607
TTGGACTTAACCTGAC-3-5607,ABS,TTGGACTTAACCTGAC-3-5607
AATCCCACGATGCGGAT-3-5607,ABS,AATCCCACGATGCGGAT-3-5607
GAATCAAGTGACGCCATT-3-5607,ABS,GAATCAAGTGACGCCATT-3-5607
TGAGAAGCACTCACTTTCT-3-5607,STM,TGAGAAGCACTCACTTTCT-3-5607
ATTTATCACAGGCAGTT-3-5607,ABS,ATTTATCACAGGCAGTT-3-5607
AACTTAGCATTTCCGG-3-5607,ABS,AACTTAGCATTTCCGG-3-5607
GATAAGACGGAGCGCGAT-3-5607,ABS,GATAAGACGGAGCGCGAT-3-5607
GGTGGGATCGGGTAGT-3-5607,ABS,GGTGGGATCGGGTAGT-3-5607
AACGGTAGCAGGTTGTG-3-5607,ABS,AACGGTAGCAGGTTGTG-3-5607
GAATTGGGCCAACACACG-3-5607,ABS,GAATTGGGCCAACACACG-3-5607
TGAGCAGGGTAAGGTTGTG-3-5607,ABS,TGAGCAGGGTAAGGTTGTG-3-5607
TCCAGGGAAGCGCGAT-3-5607,ABS,TCCAGGGAAGCGCGAT-3-5607
GCTTACCTATACTCTT-3-5607,ABS,GCTTACCTATACTCTT-3-5607
GATTGATCTAATCTTTGT-3-5607,ABS,GATTGATCTAATCTTTGT-3-5607
AGGGCCAATGGCCTAAG-3-5607,ABS,AGGGCCAATGGCCTAAG-3-5607
GATTCCGAGTAAATCAGA-3-5607,CT,GATTCCGAGTAAATCAGA-3-5607
GATCGTTTATCAGCGC-3-5607,ABS,GATCGTTTATCAGCGC-3-5607
GACGGGCTTTATTCGACG-3-5607,ABS,GACGGGCTTTATTCGACG-3-5607
ATTTGGGAGAAACTCGA-3-5607,ABS,ATTTGGGAGAAACTCGA-3-5607
GACGACTCCTGTAACGTT-3-5607,ABS,GACGACTCCTGTAACGTT-3-5607
GAAGGAAGACGATTGCGA-3-5607,ABS,GAAGGAAGACGATTGCGA-3-5607
TGAGTAATCCCGGCGTTAG-3-5607,TAC,TGAGTAATCCCGGCGTTAG-3-5607
CTTACGGGACAGCGGA-3-5607,ABS,CTTACGGGACAGCGGA-3-5607
TACCGGCAAGCTATGA-3-5607,ABS,TACCGGCAAGCTATGA-3-5607
CGGCACATATACCCAG-3-5607,ABS,CGGCACATATACCCAG-3-5607
GAACTAGGATAGCTACGG-3-5607,TAC,GAACTAGGATAGCTACGG-3-5607
GAAAGATTGTATATAGGA-3-5607,ABS,GAAAGATTGTATATAGGA-3-5607
CATCGCAGCACTTTCT-3-5607,ABS,CATCGCAGCACTTTCT-3-5607
TGATGTTTGAGAAACTGGT-3-5607,ABS,TGATGTTTGAGAAACTGGT-3-5607
GACGCCTTGAAAACTGGT-3-5607,ABS,GACGCCTTGAAAACTGGT-3-5607
AAATCGGGTATACTCTT-3-5607,ABS,AAATCGGGTATACTCTT-3-5607
GACGTCAGCAAGGAAGAC-3-5607,ABS,GACGTCAGCAAGGAAGAC-3-5607
TGAGACAAAGGAAACTCGA-3-5607,ABS,TGAGACAAAGGAAACTCGA-3-5607
AAGCTTCTATGAAGCA-3-5607,ABS,AAGCTTCTATGAAGCA-3-5607
GACCACATTAATACCCAG-3-5607,STM,GACCACATTAATACCCAG-3-5607
CTTACGGGAGCTACGG-3-5607,SSC,CTTACGGGAGCTACGG-3-5607
TGATCCCGTAGCGAACGTA-3-5607,TAC,TGATCCCGTAGCGAACGTA-3-5607
GACCTGACACACTGAGTT-3-5607,ABS,GACCTGACACACTGAGTT-3-5607
AAATCAGAAGCGAAGT-3-5607,CT,AAATCAGAAGCGAAGT-3-5607
GGAGAAGCTGTAGTTT-3-5607,ABS,GGAGAAGCTGTAGTTT-3-5607
AAAGTAATCAGTGATGC-3-5607,ABS,AAAGTAATCAGTGATGC-3-5607
GACTTCTTCGATTGGGCC-3-5607,ABS,GACTTCTTCGATTGGGCC-3-5607
TGAGACAACTTTCGGTTTA-3-5607,ABS,TGAGACAACTTTCGGTTTA-3-5607
TGACTTCGCACAACTTAGC-3-5607,ABS,TGACTTCGCACAACTTAGC-3-5607
TACTTGTGAGGCAGTT-3-5607,TAC,TACTTGTGAGGCAGTT-3-5607
GAATTCCTTGCTATAGAG-3-5607,ABS,GAATTCCTTGCTATAGAG-3-5607
AGATGTATTACACTAAG-3-5607,ABS,AGATGTATTACACTAAG-3-5607
CTTCGATTAAACAGGG-3-5607,ABS,CTTCGATTAAACAGGG-3-5607
GAAAGCGTACAGAACGGG-3-5607,ABS,GAAAGCGTACAGAACGGG-3-5607
AAGTGAAAGTGAGGTCT-3-5607,ABS,AAGTGAAAGTGAGGTCT-3-5607
ATATGCATCCATTTGA-3-5607,EE,ATATGCATCCATTTGA-3-5607
ATCGGTTCGAAGTAATC-3-5607,ABS,ATCGGTTCGAAGTAATC-3-5607
GATGCCATCGAGGAAGAC-3-5607,TAC,GATGCCATCGAGGAAGAC-3-5607
GTTACGATATGAAGCA-3-5607,ABS,GTTACGATATGAAGCA-3-5607
ATAGTCGCAACCCACGA-3-5607,ABS,ATAGTCGCAACCCACGA-3-5607
GATAAGACGGCACAGTTT-3-5607,ABS,GATAAGACGGCACAGTTT-3-5607
GAGAGCCCATGCAAGGAC-3-5607,ABS,GAGAGCCCATGCAAGGAC-3-5607
GATCGGTTTAACAGCGGA-3-5607,ABS,GATCGGTTTAACAGCGGA-3-5607
GAGGGAGGTAATGCGGAT-3-5607,ABS,GAGGGAGGTAATGCGGAT-3-5607
ATAGTGGACATGGATTA-3-5607,EE,ATAGTGGACATGGATTA-3-5607
GGAGAAGCATTCAGTA-3-5607,ABS,GGAGAAGCATTCAGTA-3-5607
GATTGAGGGTACTGCCGT-3-5607,ABS,GATTGAGGGTACTGCCGT-3-5607
ACGTGCTAGCCCTAACC-3-5607,CT,ACGTGCTAGCCCTAACC-3-5607
ATTCCAGACATTCGACG-3-5607,ABS,ATTCCAGACATTCGACG-3-5607
ATATGCATACCACGCT-3-5607,STM,ATATGCATACCACGCT-3-5607
GATTAAACTGAAGATTGT-3-5607,ABS,GATTAAACTGAAGATTGT-3-5607
TGATCCCGTAGATGTTGGC-3-5607,ABS,TGATCCCGTAGATGTTGGC-3-5607
ACTTCAATAACACACG-3-5607,ABS,ACTTCAATAACACACG-3-5607
ACTGAGTGCAATGACCC-3-5607,ABS,ACTGAGTGCAATGACCC-3-5607
ATTGGATCGAGACACCA-3-5607,TAC,ATTGGATCGAGACACCA-3-5607
GAGAGAATTGAACTTAGC-3-5607,ABS,GAGAGAATTGAACTTAGC-3-5607
TGAATGAAGCAAAACGCCT-3-5607,ABS,TGAATGAAGCAAAACGCCT-3-5607
AATGGATTAATCAAGTG-3-5607,ABS,AATGGATTAATCAAGTG-3-5607
TGACTCAGAATAAATCGTT-3-5607,ABS,TGACTCAGAATAAATCGTT-3-5607
TACTTGTGAGAGACTA-3-5607,ABS,TACTTGTGAGAGACTA-3-5607
GACAAGAGGGTCTAGCAG-3-5607,ABS,GACAAGAGGGTCTAGCAG-3-5607
CATCGCAGCACAGTTT-3-5607,TAC,CATCGCAGCACAGTTT-3-5607
ACTGAGTGCACATCTAT-3-5607,ABS,ACTGAGTGCACATCTAT-3-5607
GATGTACACGAGGAAGAC-3-5607,ABS,GATGTACACGAGGAAGAC-3-5607
ACTACTTGTATATGCAT-3-5607,ABS,ACTACTTGTATATGCAT-3-5607
GAACAGCGGATTCGGCCT-3-5607,ABS,GAACAGCGGATTCGGCCT-3-5607
TACCGGCAATATAGGA-3-5607,ABS,TACCGGCAATATAGGA-3-5607
GATGCCATCGACTCACCG-3-5607,ABS,GATGCCATCGACTCACCG-3-5607
AGCAACCTGATATACCT-3-5607,ABS,AGCAACCTGATATACCT-3-5607
TGCTATTTAAACTGGT-3-5607,ABS,TGCTATTTAAACTGGT-3-5607
AGTGGATGGATTTCCGG-3-5607,STM,AGTGGATGGATTTCCGG-3-5607
GAGATTGCGAAGTTTAGA-3-5607,GOB,GAGATTGCGAAGTTTAGA-3-5607
ATCATGAGGATATACCT-3-5607,TAC,ATCATGAGGATATACCT-3-5607
TGAGTAATCCCATCCGCTA-3-5607,ABS,TGAGTAATCCCATCCGCTA-3-5607
AATGCGGATACCCACGA-3-5607,ABS,AATGCGGATACCCACGA-3-5607
GAGAATACGCAAGCTTCT-3-5607,ABS,GAGAATACGCAAGCTTCT-3-5607
TGAAACAATCCATACTCTT-3-5607,TAC,TGAAACAATCCATACTCTT-3-5607
ACCGTGTTTCTTACTCC-3-5607,ABS,ACCGTGTTTCTTACTCC-3-5607
TAGTCTAGAACCCTTG-3-5607,ABS,TAGTCTAGAACCCTTG-3-5607
TGAAGCGTAGGAGCGTAGG-3-5607,ABS,TGAAGCGTAGGAGCGTAGG-3-5607
AGCACCACATCAAGTG-3-5607,GOB,AGCACCACATCAAGTG-3-5607
TACCGGCAAGTGATGC-3-5607,ABS,TACCGGCAAGTGATGC-3-5607
TGACCTCGTCTATGGAAAT-3-5607,CT,TGACCTCGTCTATGGAAAT-3-5607
TGACACAACAGATATAGGA-3-5607,ABS,TGACACAACAGATATAGGA-3-5607
TGACAAGTCATACGCAGAG-3-5607,ABS,TGACAAGTCATACGCAGAG-3-5607
TTATCTGTATGACCGA-3-5607,TAC,TTATCTGTATGACCGA-3-5607
AGCCAAGATATATACCT-3-5607,GOB,AGCCAAGATATATACCT-3-5607
TGACTGGTGCAATTGGGCC-3-5607,ABS,TGACTGGTGCAATTGGGCC-3-5607
AGTGTCGGATGTACACG-3-5607,ABS,AGTGTCGGATGTACACG-3-5607
TGGTATGAACGGTAGC-3-5607,GOB,TGGTATGAACGGTAGC-3-5607
GAGAGAGTATAAGGTAAT-3-5607,CT,GAGAGAGTATAAGGTAAT-3-5607
GACTTACTCCATGGATTA-3-5607,TAC,GACTTACTCCATGGATTA-3-5607
AGGCAACGATTCCTTG-3-5607,ABS,AGGCAACGATTCCTTG-3-5607
GACGTCAGCAGCCAAGAT-3-5607,CT,GACGTCAGCAGCCAAGAT-3-5607
TGACGAGTCTGAACAATCC-3-5607,ABS,TGACGAGTCTGAACAATCC-3-5607
TGAATGAAGCAAATTCCCA-3-5607,GOB,TGAATGAAGCAAATTCCCA-3-5607
AACTTAGCATTCAGTA-3-5607,ABS,AACTTAGCATTCAGTA-3-5607
TGAGGCTACTAAACCCTTG-3-5607,ABS,TGAGGCTACTAAACCCTTG-3-5607
GCAGCATGAATGAATG-3-5607,ABS,GCAGCATGAATGAATG-3-5607
GATTGATCTAAGAAGTTA-3-5607,ABS,GATTGATCTAAGAAGTTA-3-5607
GAAGTGATGCACATCTAT-3-5607,ABS,GAAGTGATGCACATCTAT-3-5607
TGAATTCGACGAGCGAAGT-3-5607,ABS,TGAATTCGACGAGCGAAGT-3-5607
GATACCAGGCAATGACCC-3-5607,ABS,GATACCAGGCAATGACCC-3-5607
TGCTATTTATACTCTT-3-5607,STM,TGCTATTTATACTCTT-3-5607
TTCGGCCTACCACGCT-3-5607,TAC,TTCGGCCTACCACGCT-3-5607
GATAAGACGGGATTGCGA-3-5607,ABS,GATAAGACGGGATTGCGA-3-5607
TCATATGGAAAGTCGG-3-5607,ABS,TCATATGGAAAGTCGG-3-5607
TACCGGCAATCTTTGT-3-5607,ABS,TACCGGCAATCTTTGT-3-5607
AAGCGAAGTTCGGTACG-3-5607,ABS,AAGCGAAGTTCGGTACG-3-5607
TGACAACAAATAAGTAATC-3-5607,ABS,TGACAACAAATAAGTAATC-3-5607
GAATTCCTTGAAACCTCC-3-5607,ABS,GAATTCCTTGAAACCTCC-3-5607
TGACAGACCATTGGCCTGT-3-5607,ABS,TGACAGACCATTGGCCTGT-3-5607
GATAAGACGGCAGTCCCT-3-5607,STM,GATAAGACGGCAGTCCCT-3-5607
GAACTAGGATAGGTTGTG-3-5607,TAC,GAACTAGGATAGGTTGTG-3-5607
AATGCGGATATTCAGTA-3-5607,ABS,AATGCGGATATTCAGTA-3-5607
AACCTGACCAAGAGGG-3-5607,ABS,AACCTGACCAAGAGGG-3-5607
TGACTCAGAATAAGCGTAC-3-5607,ABS,TGACTCAGAATAAGCGTAC-3-5607
AAGAACGGGAGTTTAGA-3-5607,ABS,AAGAACGGGAGTTTAGA-3-5607
TACTTGTGGAGTTTCG-3-5607,ABS,TACTTGTGGAGTTTCG-3-5607
GATACCAGGCAGTGAAAG-3-5607,ABS,GATACCAGGCAGTGAAAG-3-5607
TGACTCAGAATTAACCATC-3-5607,CT,TGACTCAGAATTAACCATC-3-5607
AAAATCGTTATGACCGA-3-5607,ABS,AAAATCGTTATGACCGA-3-5607
GGAGAAGCAAGGTAAT-3-5607,ABS,GGAGAAGCAAGGTAAT-3-5607
GACGTCAGCACTTTAATC-3-5607,ABS,GACGTCAGCACTTTAATC-3-5607
CCCAAGCAAATGAATG-3-5607,ABS,CCCAAGCAAATGAATG-3-5607
ATGGCCTGTAAACAGGG-3-5607,ABS,ATGGCCTGTAAACAGGG-3-5607
AGTTACCGCGTTCTGTT-3-5607,ABS,AGTTACCGCGTTCTGTT-3-5607
ATAGTCGCACTTACTCC-3-5607,ABS,ATAGTCGCACTTACTCC-3-5607
AACGAAACGAGAAGTTA-3-5607,STM,AACGAAACGAGAAGTTA-3-5607
GATTGATCTAAGAGGTGG-3-5607,ABS,GATTGATCTAAGAGGTGG-3-5607
TTATCTGTAACACACG-3-5607,ABS,TTATCTGTAACACACG-3-5607
GACAAGAGGGACTGAGTT-3-5607,ABS,GACAAGAGGGACTGAGTT-3-5607
TGAGTAATCCCTTTATCAC-3-5607,ABS,TGAGTAATCCCTTTATCAC-3-5607
TGACCATTACTAACACACG-3-5607,ABS,TGACCATTACTAACACACG-3-5607
GGAGAAGCGTCAAAGA-3-5607,TAC,GGAGAAGCGTCAAAGA-3-5607
TGAGAGGCTGAAACAATCC-3-5607,ABS,TGAGAGGCTGAAACAATCC-3-5607
CGTATTTCCACAGTTT-3-5607,ABS,CGTATTTCCACAGTTT-3-5607
GAATGGAAATAATCGGGT-3-5607,ABS,GAATGGAAATAATCGGGT-3-5607
TGAACATCTATATACTCTT-3-5607,ABS,TGAACATCTATATACTCTT-3-5607
AATGTTGGCGAGCGGTA-3-5607,GOB,AATGTTGGCGAGCGGTA-3-5607
GATACAAACTACGTATAC-3-5607,ABS,GATACAAACTACGTATAC-3-5607
GATGAAATGAGAGAATTG-3-5607,ABS,GATGAAATGAGAGAATTG-3-5607
ATCTGCATCATGCGGAT-3-5607,ABS,ATCTGCATCATGCGGAT-3-5607
GCAGCATGAACAATCC-3-5607,ABS,GCAGCATGAACAATCC-3-5607
TGACTCGCGTAAGATGGCT-3-5607,ABS,TGACTCGCGTAAGATGGCT-3-5607
ATTGTGACTTAGAAATG-3-5607,ABS,ATTGTGACTTAGAAATG-3-5607
GATTTAACAGAAACTCGA-3-5607,ABS,GATTTAACAGAAACTCGA-3-5607
GAGGGAACCTCTAGTAAC-3-5607,ABS,GAGGGAACCTCTAGTAAC-3-5607
GTAACGTTACGGTAGC-3-5607,ABS,GTAACGTTACGGTAGC-3-5607
ATTGATTCTAAGCGTAC-3-5607,ABS,ATTGATTCTAAGCGTAC-3-5607
GATGTGCTCAAAAGTCGG-3-5607,ABS,GATGTGCTCAAAAGTCGG-3-5607
CCCATCTGTCGGTTCG-3-5607,GOB,CCCATCTGTCGGTTCG-3-5607
ATCATGAGGAAATCAGA-3-5607,ABS,ATCATGAGGAAATCAGA-3-5607
AACTCACCGACCTTCTT-3-5607,ABS,AACTCACCGACCTTCTT-3-5607
TGACACAGTTTCCACATTA-3-5607,CT,TGACACAGTTTCCACATTA-3-5607
TGATCACCGAGCTCTTGAC-3-5607,ABS,TGATCACCGAGCTCTTGAC-3-5607
TAGTCTAGTCTCACTT-3-5607,STM,TAGTCTAGTCTCACTT-3-5607
TGAAAACTGGTTGTGGCTA-3-5607,ABS,TGAAAACTGGTTGTGGCTA-3-5607
TGACTTCGCACAGAGACTA-3-5607,ABS,TGACTTCGCACAGAGACTA-3-5607
GAGGGAGGTAAGGCAGTT-3-5607,ABS,GAGGGAGGTAAGGCAGTT-3-5607
GACTTCTTCGAGACACCA-3-5607,ABS,GACTTCTTCGAGACACCA-3-5607
AGTTACCGCGAACGATT-3-5607,ABS,AGTTACCGCGAACGATT-3-5607
ACGTGCTAGAAGATTGT-3-5607,TAC,ACGTGCTAGAAGATTGT-3-5607
TGACAGACCATAATTCCCA-3-5607,GOB,TGACAGACCATAATTCCCA-3-5607
TGAGCAAGGACCTTCTTCG-3-5607,ABS,TGAGCAAGGACCTTCTTCG-3-5607
TGACACTTTCTAGAACGGG-3-5607,ABS,TGACACTTTCTAGAACGGG-3-5607
AGAAGTGCCACGAAACG-3-5607,ABS,AGAAGTGCCACGAAACG-3-5607
CGAACGTAATACTCTT-3-5607,ABS,CGAACGTAATACTCTT-3-5607
ATAGTCGCAAATCGGGT-3-5607,ABS,ATAGTCGCAAATCGGGT-3-5607
GATAAGACGGATGGAAAT-3-5607,CT,GATAAGACGGATGGAAAT-3-5607
AGCTTTCCAAGTTTAGA-3-5607,ABS,AGCTTTCCAAGTTTAGA-3-5607
GATACAAACTACGAAACG-3-5607,ABS,GATACAAACTACGAAACG-3-5607
ACTAGATTGTCCAGGGA-3-5607,TAC,ACTAGATTGTCCAGGGA-3-5607
GAATCAAGTGAGCTACGG-3-5607,ABS,GAATCAAGTGAGCTACGG-3-5607
CGGCTTACAGAAGTTA-3-5607,ABS,CGGCTTACAGAAGTTA-3-5607
GACGTCAGCAAAAGCCTA-3-5607,ABS,GACGTCAGCAAAAGCCTA-3-5607
TGACGAGTCTGATGTTGGC-3-5607,ABS,TGACGAGTCTGATGTTGGC-3-5607
AGATGTATTACAGCGGA-3-5607,ABS,AGATGTATTACAGCGGA-3-5607
AGGGCCAATCGGAATTT-3-5607,ABS,AGGGCCAATCGGAATTT-3-5607
AGTTTACGTATATCTTC-3-5607,ABS,AGTTTACGTATATCTTC-3-5607
GAGATTGCGACCCTTGGT-3-5607,ABS,GAGATTGCGACCCTTGGT-3-5607
CGGCACATATTCGACG-3-5607,ABS,CGGCACATATTCGACG-3-5607
GGATAAAGAAGCGTAC-3-5607,GOB,GGATAAAGAAGCGTAC-3-5607
AAAACGCCTATCAGCGC-3-5607,ABS,AAAACGCCTATCAGCGC-3-5607
TGATGCCCATGGATTA-3-5607,TAC,TGATGCCCATGGATTA-3-5607
AAAGTAATCAAAGTCGG-3-5607,ABS,AAAGTAATCAAAGTCGG-3-5607
TGACCATTACTATGGATTA-3-5607,ABS,TGACCATTACTATGGATTA-3-5607
CGAACGTAAATGAATG-3-5607,ABS,CGAACGTAAATGAATG-3-5607
TGATTTACCCTACTGCCGT-3-5607,ABS,TGATTTACCCTACTGCCGT-3-5607
GATGTGAGGACGATGG-3-5607,ABS,GATGTGAGGACGATGG-3-5607
GATGTGCTCATTGCATAT-3-5607,ABS,GATGTGCTCATTGCATAT-3-5607
GACGTCAGCAATCCGCTA-3-5607,STM,GACGTCAGCAATCCGCTA-3-5607
ATTTCCGGGGGAAGGT-3-5607,ABS,ATTTCCGGGGGAAGGT-3-5607
TTCGGCCTATCCCACG-3-5607,ABS,TTCGGCCTATCCCACG-3-5607
TGAGTGGAGCTATGGAAAT-3-5607,ABS,TGAGTGGAGCTATGGAAAT-3-5607
AAAACTCGAACTTCAAT-3-5607,ABS,AAAACTCGAACTTCAAT-3-5607
GTTCAACTAGCGCGAT-3-5607,ABS,GTTCAACTAGCGCGAT-3-5607
GAATGGAAATCGCCTTGA-3-5607,ABS,GAATGGAAATCGCCTTGA-3-5607
TAAATAGGATCTTTGT-3-5607,ABS,TAAATAGGATCTTTGT-3-5607
TACAGCCGAACACACG-3-5607,GOB,TACAGCCGAACACACG-3-5607
TGACCAGCAGTAGGAGCTT-3-5607,ABS,TGACCAGCAGTAGGAGCTT-3-5607
AAGTGAAAGAACCCTTG-3-5607,ABS,AAGTGAAAGAACCCTTG-3-5607
TGAATTCGACGACTGAGTT-3-5607,ABS,TGAATTCGACGACTGAGTT-3-5607
TAGCCTCGAATTCCCA-3-5607,GOB,TAGCCTCGAATTCCCA-3-5607
GAATTGGGCCATGACCGA-3-5607,ABS,GAATTGGGCCATGACCGA-3-5607
GACTGTCTGGAAAGTCGG-3-5607,ABS,GACTGTCTGGAAAGTCGG-3-5607
ATAGTCGCACCTCGTCT-3-5607,TAC,ATAGTCGCACCTCGTCT-3-5607
GATTAGACATGCGGAT-3-5607,STM,GATTAGACATGCGGAT-3-5607
GACTCTTGACAGACACCA-3-5607,ABS,GACTCTTGACAGACACCA-3-5607
AAGATGGCTAGAGGTGG-3-5607,ABS,AAGATGGCTAGAGGTGG-3-5607
GAAGTGATGCGTACCTTG-3-5607,ABS,GAAGTGATGCGTACCTTG-3-5607
ATAGTGGACAGAAGTTA-3-5607,TAC,ATAGTGGACAGAAGTTA-3-5607
TGAAGCGTAGGTTGATTCT-3-5607,ABS,TGAAGCGTAGGTTGATTCT-3-5607
TGACGAGTCTGAAACGCCT-3-5607,ABS,TGACGAGTCTGAAACGCCT-3-5607
TGACTTGGTGTTTCCGAGT-3-5607,STM,TGACTTGGTGTTTCCGAGT-3-5607
GAATCAAGTGAATCGGGT-3-5607,ABS,GAATCAAGTGAATCGGGT-3-5607
GATCCGTCCAACAGCGGA-3-5607,ABS,GATCCGTCCAACAGCGGA-3-5607
TGATCCCGTAGGCGTTGCT-3-5607,TAC,TGATCCCGTAGGCGTTGCT-3-5607
AGCAACCTGTTGATTCT-3-5607,ABS,AGCAACCTGTTGATTCT-3-5607
GATCTGTGGTAATCGGGT-3-5607,GOB,GATCTGTGGTAATCGGGT-3-5607
GGCCCTTAATGGATTA-3-5607,ABS,GGCCCTTAATGGATTA-3-5607
ATGGCCTGTAACCCTTG-3-5607,ABS,ATGGCCTGTAACCCTTG-3-5607
GATTGATCTAAACTTAGC-3-5607,ABS,GATTGATCTAAACTTAGC-3-5607
TGGTATGAATCAGCGC-3-5607,ABS,TGGTATGAATCAGCGC-3-5607
GATGAAATGAACACTAAG-3-5607,CT,GATGAAATGAACACTAAG-3-5607
TGACAATACTTAAATCAGA-3-5607,ABS,TGACAATACTTAAATCAGA-3-5607
GAGGGAGGTATGCGACAG-3-5607,ABS,GAGGGAGGTATGCGACAG-3-5607
GAATGGAAATAGATGGCT-3-5607,GOB,GAATGGAAATAGATGGCT-3-5607
GATGGGATTCAGGCAACG-3-5607,ABS,GATGGGATTCAGGCAACG-3-5607
GATTGAGGGTAGAAGTTA-3-5607,ABS,GATTGAGGGTAGAAGTTA-3-5607
GATGTGAGACTCACCG-3-5607,ABS,GATGTGAGACTCACCG-3-5607
GAATCAAGTGAAGGTAAT-3-5607,TAC,GAATCAAGTGAAGGTAAT-3-5607
TGACCTGTTATATTGGGCC-3-5607,ABS,TGACCTGTTATATTGGGCC-3-5607
TGAATATAGGACATACATT-3-5607,ABS,TGAATATAGGACATACATT-3-5607
GACGCCTTGAAACCCTTG-3-5607,STM,GACGCCTTGAAACCCTTG-3-5607
GACGGGCTTTAGAGACTA-3-5607,ABS,GACGGGCTTTAGAGACTA-3-5607
AACTTAGCATGCATGG-3-5607,GOB,AACTTAGCATGCATGG-3-5607
TGACTTGGTGTATTCGACG-3-5607,STM,TGACTTGGTGTATTCGACG-3-5607
TACCGGCACGTATCGG-3-5607,ABS,TACCGGCACGTATCGG-3-5607
ACAGGTGTCACTGAGTT-3-5607,CT,ACAGGTGTCACTGAGTT-3-5607
GATGACGGACCCCTTGGT-3-5607,ABS,GATGACGGACCCCTTGGT-3-5607
TGAGGTCTGACGTCAATAC-3-5607,ABS,TGAGGTCTGACGTCAATAC-3-5607
TGAATTCGACGATACTCTT-3-5607,STM,TGAATTCGACGATACTCTT-3-5607
AACGGTAGCACGCAGAG-3-5607,ABS,AACGGTAGCACGCAGAG-3-5607
TGCCTCACATCAAGTG-3-5607,ABS,TGCCTCACATCAAGTG-3-5607
GACGTCAGCAGTTGTCAT-3-5607,ABS,GACGTCAGCAGTTGTCAT-3-5607
GACTAGACCCAAGGTAAT-3-5607,ABS,GACTAGACCCAAGGTAAT-3-5607
GATGGGATTCCGTGCTAG-3-5607,ABS,GATGGGATTCCGTGCTAG-3-5607
TGAATGACCGAAATGAATG-3-5607,ABS,TGAATGACCGAAATGAATG-3-5607
TGATACGTGCTAGAGACTA-3-5607,ABS,TGATACGTGCTAGAGACTA-3-5607
TGACTACGAGCAGGAAGAC-3-5607,CT,TGACTACGAGCAGGAAGAC-3-5607
AAGTGAAAGCATTTGTT-3-5607,ABS,AAGTGAAAGCATTTGTT-3-5607
ATCGGTTCGACCCACGA-3-5607,ABS,ATCGGTTCGACCCACGA-3-5607
GAATGGAAATCTTACGGG-3-5607,ABS,GAATGGAAATCTTACGGG-3-5607
AGGTTAGTGCAACGTGG-3-5607,GOB,AGGTTAGTGCAACGTGG-3-5607
CGCTAATAATGACTTT-3-5607,ABS,CGCTAATAATGACTTT-3-5607
TGACTCGATGCATATGCAT-3-5607,ABS,TGACTCGATGCATATGCAT-3-5607
ATCTTTGTGTGTAACC-3-5607,ABS,ATCTTTGTGTGTAACC-3-5607
TGAAACCCTTGATCCCACG-3-5607,ABS,TGAAACCCTTGATCCCACG-3-5607
CAGTTTGCATGCATGG-3-5607,ABS,CAGTTTGCATGCATGG-3-5607
GCATGGGTAACACACG-3-5607,CT,GCATGGGTAACACACG-3-5607
TGACAATACTTCTACTTGT-3-5607,ABS,TGACAATACTTCTACTTGT-3-5607
TCATCCTTACCCACGA-3-5607,ABS,TCATCCTTACCCACGA-3-5607
ATTGTGACTTTGCACGC-3-5607,ABS,ATTGTGACTTTGCACGC-3-5607
GAAGTTTAGAACAGCGGA-3-5607,GOB,GAAGTTTAGAACAGCGGA-3-5607
AAAGTAATCAAATCGTT-3-5607,ABS,AAAGTAATCAAATCGTT-3-5607
ACCCTTGGTATACTCTT-3-5607,ABS,ACCCTTGGTATACTCTT-3-5607
TGAAGGTTGTGAAATCGTT-3-5607,ABS,TGAAGGTTGTGAAATCGTT-3-5607
CCCAAGCAAATTCCCA-3-5607,ABS,CCCAAGCAAATTCCCA-3-5607
AACTCACCGGTCTCTCT-3-5607,ABS,AACTCACCGGTCTCTCT-3-5607
GGCCCTTAGAAGCACT-3-5607,ABS,GGCCCTTAGAAGCACT-3-5607
GATTAAACTGTTCGGCCT-3-5607,ABS,GATTAAACTGTTCGGCCT-3-5607
GCAGTCGAATATCTTC-3-5607,GOB,GCAGTCGAATATCTTC-3-5607
ATAGTGGACAGGCAACG-3-5607,ABS,ATAGTGGACAGGCAACG-3-5607
GACTAGACCCAAATCGTT-3-5607,ABS,GACTAGACCCAAATCGTT-3-5607
GATGACGGACAGAAGTCC-3-5607,GOB,GATGACGGACAGAAGTCC-3-5607
TAGCTTATAGGAAGAC-3-5607,ABS,TAGCTTATAGGAAGAC-3-5607
ATTAGGACCAATGACCC-3-5607,ABS,ATTAGGACCAATGACCC-3-5607
GACAGTCCCTATCAGCGC-3-5607,ABS,GACAGTCCCTATCAGCGC-3-5607
TGAGGTCTGACACCACGCT-3-5607,GOB,TGAGGTCTGACACCACGCT-3-5607
ATGGCCTGTACGCCATT-3-5607,ABS,ATGGCCTGTACGCCATT-3-5607
ATTGGATCGACAGCGGA-3-5607,ABS,ATTGGATCGACAGCGGA-3-5607
ACTTCAATAAACTGGT-3-5607,ABS,ACTTCAATAAACTGGT-3-5607
TGATTAGTCCGAGCAGAAC-3-5607,ABS,TGATTAGTCCGAGCAGAAC-3-5607
ATCTAGCAGACCTTGCC-3-5607,ABS,ATCTAGCAGACCTTGCC-3-5607
ACGCTCTCAAATCGGGT-3-5607,ABS,ACGCTCTCAAATCGGGT-3-5607
CTTACGGGAGATGGCT-3-5607,ABS,CTTACGGGAGATGGCT-3-5607
TGAAACAATCCATGTTGGC-3-5607,ABS,TGAAACAATCCATGTTGGC-3-5607
AAAACTCGAAGAAGTCC-3-5607,GOB,AAAACTCGAAGAAGTCC-3-5607
ACCGTGTTTGGCCTAAG-3-5607,STM,ACCGTGTTTGGCCTAAG-3-5607
TGAGGCGGTTTCTCTTGAC-3-5607,ABS,TGAGGCGGTTTCTCTTGAC-3-5607
ACAGATTACAAACAGGG-3-5607,ABS,ACAGATTACAAACAGGG-3-5607
TGCGACAGAATCGGGT-3-5607,ABS,TGCGACAGAATCGGGT-3-5607
TGATCGACGGTACTAGCCA-3-5607,GOB,TGATCGACGGTACTAGCCA-3-5607
GATGACGGACAAACAGGG-3-5607,ABS,GATGACGGACAAACAGGG-3-5607
TCATCCTTAAGGTAAT-3-5607,ABS,TCATCCTTAAGGTAAT-3-5607
GTTCAACTATATCTTC-3-5607,ABS,GTTCAACTATATCTTC-3-5607
TTATCTGTAGGATTCA-3-5607,ABS,TTATCTGTAGGATTCA-3-5607
ATTGATTCTACCCATAT-3-5607,STM,ATTGATTCTACCCATAT-3-5607
TGACCAGCAGTACTAGGAT-3-5607,ABS,TGACCAGCAGTACTAGGAT-3-5607
TGAAACAATCCAAGATTGT-3-5607,ABS,TGAAACAATCCAAGATTGT-3-5607
AGAACGATTTGTACACG-3-5607,ABS,AGAACGATTTGTACACG-3-5607
GCTTACCTAGCACCAC-3-5607,TAC,GCTTACCTAGCACCAC-3-5607
TGACACAACAGCCCTAACC-3-5607,ABS,TGACACAACAGCCCTAACC-3-5607
TCCAGGGATTGTTTAC-3-5607,ABS,TCCAGGGATTGTTTAC-3-5607
AGTGGATGGCTTTAATC-3-5607,GOB,AGTGGATGGCTTTAATC-3-5607
AGGTGACACATCCCACG-3-5607,TAC,AGGTGACACATCCCACG-3-5607
ATTGATTCTCGCTAGTC-3-5607,ABS,ATTGATTCTCGCTAGTC-3-5607
TGAAACCCTTGACCTTCTT-3-5607,GOB,TGAAACCCTTGACCTTCTT-3-5607
GACATCTCCCACACTAAG-3-5607,GOB,GACATCTCCCACACTAAG-3-5607
TGATTTACCCTTGTGTCCT-3-5607,ABS,TGATTTACCCTTGTGTCCT-3-5607
GGCATGCTATCTTTGT-3-5607,ABS,GGCATGCTATCTTTGT-3-5607
GATTAAACTGAGTGAAAG-3-5607,ABS,GATTAAACTGAGTGAAAG-3-5607
TGAGCCGGATTATTCGACG-3-5607,ABS,TGAGCCGGATTATTCGACG-3-5607
GACCCATAGCGTCCAAAG-3-5607,ABS,GACCCATAGCGTCCAAAG-3-5607
CTATAGAGACCCACGA-3-5607,ABS,CTATAGAGACCCACGA-3-5607
AGCAGAACACATCTAT-3-5607,ABS,AGCAGAACACATCTAT-3-5607
ACGTGCTAGGCCACATC-3-5607,STM,ACGTGCTAGGCCACATC-3-5607
TGAAACCCTTGACGCTCAG-3-5607,ABS,TGAAACCCTTGACGCTCAG-3-5607
GCAGCATGATTCAGTA-3-5607,ABS,GCAGCATGATTCAGTA-3-5607
ACCGTGTTTATGCATGG-3-5607,ABS,ACCGTGTTTATGCATGG-3-5607
GGGTTGGTATTCCTTG-3-5607,ABS,GGGTTGGTATTCCTTG-3-5607
GACAATTAGTAGAAGTTA-3-5607,GOB,GACAATTAGTAGAAGTTA-3-5607
AAAAGTCGGAGTGATGC-3-5607,ABS,AAAAGTCGGAGTGATGC-3-5607
TGAAAATGTCGACTCACCG-3-5607,GOB,TGAAAATGTCGACTCACCG-3-5607
TGACACAAGGCAACACACG-3-5607,ABS,TGACACAAGGCAACACACG-3-5607
GTTCAACTACGCCATT-3-5607,STM,GTTCAACTACGCCATT-3-5607
AATGCGGATTTTATCAC-3-5607,ABS,AATGCGGATTTTATCAC-3-5607
ATTAGGACCCATACATT-3-5607,ABS,ATTAGGACCCATACATT-3-5607
ATTTCCGGATGAAGCA-3-5607,ABS,ATTTCCGGATGAAGCA-3-5607
GAGAAAGACCCGATTGAT-3-5607,TAC,GAGAAAGACCCGATTGAT-3-5607
ATGCTCCGTAACAATCC-3-5607,ABS,ATGCTCCGTAACAATCC-3-5607
AGCTTTCCAACTAGCCA-3-5607,STM,AGCTTTCCAACTAGCCA-3-5607
TGACCATTACTACGAAACG-3-5607,GOB,TGACCATTACTACGAAACG-3-5607
TGAAAACAGGGAGTTTAGA-3-5607,GOB,TGAAAACAGGGAGTTTAGA-3-5607
GAGGTCCCTTAATTCCCA-3-5607,GOB,GAGGTCCCTTAATTCCCA-3-5607
CTATAGAGAAGCGTAC-3-5607,ABS,CTATAGAGAAGCGTAC-3-5607
TGATCGACACCAGCACCAC-3-5607,ABS,TGATCGACACCAGCACCAC-3-5607
TACCGGCAGCGTTGCT-3-5607,ABS,TACCGGCAGCGTTGCT-3-5607
AAGCTATGAAAGGTAAT-3-5607,ABS,AAGCTATGAAAGGTAAT-3-5607
GAGGGAACCTGAGAATTG-3-5607,ABS,GAGGGAACCTGAGAATTG-3-5607
TGAACTAGCCAACAGCGGA-3-5607,CT,TGAACTAGCCAACAGCGGA-3-5607
GATGTTCCAGGTTCTGTT-3-5607,TAC,GATGTTCCAGGTTCTGTT-3-5607
TGACTCGATGCTGTGCTCA-3-5607,ABS,TGACTCGATGCTGTGCTCA-3-5607
TAAATAGGAAAGCCTA-3-5607,ABS,TAAATAGGAAAGCCTA-3-5607
TACCGGCAAAGTAATC-3-5607,ABS,TACCGGCAAAGTAATC-3-5607
TCCTTATTACATCTAT-3-5607,GOB,TCCTTATTACATCTAT-3-5607
GAACACTAAGTCCGTCCA-3-5607,ABS,GAACACTAAGTCCGTCCA-3-5607
GATGTAAAGGAGAGGTGG-3-5607,GOB,GATGTAAAGGAGAGGTGG-3-5607
TGAGTCGTCGTATCAAGTG-3-5607,ABS,TGAGTCGTCGTATCAAGTG-3-5607
ACCGTGTTTATATGCAT-3-5607,ABS,ACCGTGTTTATATGCAT-3-5607
TCCTTATTACAGCGGA-3-5607,ABS,TCCTTATTACAGCGGA-3-5607
GCAGTCGAAGCAGAAC-3-5607,ABS,GCAGTCGAAGCAGAAC-3-5607
ATCTTTGTGTCCGTAC-3-5607,ABS,ATCTTTGTGTCCGTAC-3-5607
AGCAAAGCCAAACAGGG-3-5607,ABS,AGCAAAGCCAAACAGGG-3-5607
TGATCGACACCATTCGACG-3-5607,GOB,TGATCGACACCATTCGACG-3-5607
AAAGGTAATGTTCAACT-3-5607,ABS,AAAGGTAATGTTCAACT-3-5607
GAACCACGCTATGCGGAT-3-5607,CT,GAACCACGCTATGCGGAT-3-5607
GATACAAACTAAACCTCC-3-5607,GOB,GATACAAACTAAACCTCC-3-5607
GAGATCTCGGAAAGCCTA-3-5607,ABS,GAGATCTCGGAAAGCCTA-3-5607
ACAGATTACCTTCTGGA-3-5607,CT,ACAGATTACCTTCTGGA-3-5607
ACTTAGGTAGAGCGGTA-3-5607,ABS,ACTTAGGTAGAGCGGTA-3-5607
GCTTTGGCAACAATCC-3-5607,ABS,GCTTTGGCAACAATCC-3-5607
AAAACCTCCACTCACCG-3-5607,ABS,AAAACCTCCACTCACCG-3-5607
GAAGGCAGTTTGCCATCG-3-5607,GOB,GAAGGCAGTTTGCCATCG-3-5607
TCGAAGCTAACACACG-3-5607,ABS,TCGAAGCTAACACACG-3-5607
AGTCAATACACGGTAGC-3-5607,TAC,AGTCAATACACGGTAGC-3-5607
GACCTATTCACTGCGTTG-3-5607,ABS,GACCTATTCACTGCGTTG-3-5607
AATGGATTAATGACCGA-3-5607,ABS,AATGGATTAATGACCGA-3-5607
TGATAGAAATGACTGAGTT-3-5607,ABS,TGATAGAAATGACTGAGTT-3-5607
TGAGTCCATGTACTGAGTT-3-5607,CT,TGAGTCCATGTACTGAGTT-3-5607
GACGAGATGTATACTCTT-3-5607,GOB,GACGAGATGTATACTCTT-3-5607
GAGGACTTCCTTCCGAGT-3-5607,ABS,GAGGACTTCCTTCCGAGT-3-5607
CCCAAGCAAAGCGTAC-3-5607,GOB,CCCAAGCAAAGCGTAC-3-5607
AGTATGAGTGGAGAAGC-3-5607,ABS,AGTATGAGTGGAGAAGC-3-5607
GATTAGACAAGGTAAT-3-5607,GOB,GATTAGACAAGGTAAT-3-5607
GGATAAAGGGTGACAC-3-5607,ABS,GGATAAAGGGTGACAC-3-5607
GAAGGAAGACTCCTTATT-3-5607,GOB,GAAGGAAGACTCCTTATT-3-5607
ATAGTCGCAGGGAAGGT-3-5607,TAC,ATAGTCGCAGGGAAGGT-3-5607
AGGGTGTATAACCTGAC-3-5607,CT,AGGGTGTATAACCTGAC-3-5607
TGATGTTTGAGAGCACCAC-3-5607,GOB,TGATGTTTGAGAGCACCAC-3-5607
TGACTCGATGCACTAGGAT-3-5607,TAC,TGACTCGATGCACTAGGAT-3-5607
ACCCGACTTAAACCTCC-3-5607,ABS,ACCCGACTTAAACCTCC-3-5607
ATTAGGACCACGTATAC-3-5607,GOB,ATTAGGACCACGTATAC-3-5607
AATTCCCAAGAACGGG-3-5607,TAC,AATTCCCAAGAACGGG-3-5607
GAATGGGCACAGCGTAGG-3-5607,GOB,GAATGGGCACAGCGTAGG-3-5607
AAAACCTCCACGCCATT-3-5607,ABS,AAAACCTCCACGCCATT-3-5607
ATTTCCGGCCAGCAGT-3-5607,ABS,ATTTCCGGCCAGCAGT-3-5607
TGATGTCTTTCACCACGCT-3-5607,ABS,TGATGTCTTTCACCACGCT-3-5607
